,Opening Price (USD),Highest Price (USD),Lowest Price (USD),Closing Price (USD),5. volume,6. market cap (USD),Difference between opening and closing
2021-06-16,0.32,0.32,0.31,0.31,888434880.9,888434880.9,-0.010000000000000009
2021-06-17,0.31,0.31,0.3,0.31,680701230.2,680701230.2,0.0
2021-06-18,0.31,0.31,0.28,0.29,1314700190.7,1314700190.7,-0.020000000000000018
2021-06-19,0.29,0.3,0.29,0.29,624846001.4,624846001.4,0.0
2021-06-20,0.29,0.29,0.26,0.28,1528605029.5,1528605029.5,-0.009999999999999953
2021-06-21,0.28,0.28,0.16,0.18,7023706752.6,7023706752.6,-0.10000000000000003
2021-06-22,0.18,0.22,0.16,0.19,7520083611.8,7520083611.8,0.010000000000000009
2021-06-23,0.19,0.25,0.18,0.23,5839514040.0,5839514040.0,0.04000000000000001
2021-06-24,0.23,0.27,0.22,0.26,3579998951.2,3579998951.2,0.03
2021-06-25,0.26,0.29,0.23,0.24,5942192455.5,5942192455.5,-0.020000000000000018
2021-06-26,0.24,0.26,0.23,0.25,2653188955.6,2653188955.6,0.010000000000000009
2021-06-27,0.25,0.27,0.24,0.26,1968559379.6,1968559379.6,0.010000000000000009
2021-06-28,0.26,0.27,0.25,0.26,1734504424.8,1734504424.8,0.0
2021-06-29,0.26,0.28,0.25,0.26,1927372368.1,1927372368.1,0.0
2021-06-30,0.26,0.26,0.24,0.25,1610075649.0,1610075649.0,-0.010000000000000009
2021-07-01,0.25,0.26,0.24,0.24,2253058516.9,2253058516.9,-0.010000000000000009
2021-07-02,0.24,0.25,0.24,0.25,1081847381.6,1081847381.6,0.010000000000000009
2021-07-03,0.24,0.25,0.24,0.25,759251070.1,759251070.1,0.010000000000000009
2021-07-04,0.25,0.25,0.24,0.25,823044174.7,823044174.7,0.0
2021-07-05,0.25,0.25,0.23,0.23,1181584860.3,1181584860.3,-0.01999999999999999
2021-07-06,0.23,0.24,0.23,0.23,981368400.5,981368400.5,0.0
2021-07-07,0.23,0.24,0.22,0.22,952129896.6,952129896.6,-0.010000000000000009
2021-07-08,0.22,0.22,0.2,0.21,1487061330.1,1487061330.1,-0.010000000000000009
2021-07-09,0.21,0.23,0.2,0.22,2291127903.5,2291127903.5,0.010000000000000009
2021-07-10,0.22,0.23,0.21,0.21,919482894.5,919482894.5,-0.010000000000000009
2021-07-11,0.21,0.22,0.21,0.22,551263176.4,551263176.4,0.010000000000000009
2021-07-12,0.22,0.22,0.2,0.21,805441341.2,805441341.2,-0.010000000000000009
2021-07-13,0.21,0.21,0.2,0.2,916221269.9,916221269.9,-0.009999999999999981
2021-07-14,0.2,0.2,0.19,0.2,1247947078.4,1247947078.4,0.0
2021-07-15,0.2,0.2,0.18,0.19,966797093.3,966797093.3,-0.010000000000000009
2021-07-16,0.19,0.19,0.17,0.17,1185633674.2,1185633674.2,-0.01999999999999999
2021-07-17,0.17,0.21,0.17,0.19,2572720766.9,2572720766.9,0.01999999999999999
2021-07-18,0.19,0.2,0.18,0.18,1344894101.6,1344894101.6,-0.010000000000000009
2021-07-19,0.18,0.18,0.17,0.17,1079953391.4,1079953391.4,-0.009999999999999981
2021-07-20,0.17,0.18,0.16,0.17,1865041957.2,1865041957.2,0.0
2021-07-21,0.17,0.21,0.17,0.19,4505979384.2,4505979384.2,0.01999999999999999
2021-07-22,0.19,0.2,0.19,0.19,1393922167.5,1393922167.5,0.0
2021-07-23,0.19,0.2,0.18,0.19,1352326692.4,1352326692.4,0.0
2021-07-24,0.19,0.2,0.19,0.2,1627615706.2,1627615706.2,0.010000000000000009
2021-07-25,0.2,0.2,0.19,0.2,1122436168.6,1122436168.6,0.0
2021-07-26,0.2,0.23,0.2,0.2,4546455511.8,4546455511.8,0.0
2021-07-27,0.2,0.21,0.2,0.21,2030159664.4,2030159664.4,0.009999999999999981
2021-07-28,0.21,0.21,0.2,0.21,1698684418.6,1698684418.6,0.0
2021-07-29,0.21,0.21,0.2,0.21,875707720.8,875707720.8,0.0
2021-07-30,0.21,0.21,0.2,0.21,1260492016.3,1260492016.3,0.0
2021-07-31,0.21,0.21,0.2,0.21,1177482439.7,1177482439.7,0.0
2021-08-01,0.21,0.22,0.2,0.2,1550637730.2,1550637730.2,-0.009999999999999981
2021-08-02,0.2,0.21,0.2,0.2,896401081.3,896401081.3,0.0
2021-08-03,0.2,0.21,0.19,0.2,977103235.1,977103235.1,0.0
2021-08-04,0.2,0.2,0.19,0.2,873261017.4,873261017.4,0.0
2021-08-05,0.2,0.2,0.19,0.2,946707300.6,946707300.6,0.0
2021-08-06,0.2,0.21,0.2,0.2,1263420290.4,1263420290.4,0.0
2021-08-07,0.2,0.26,0.2,0.26,5158338816.2,5158338816.2,0.06
2021-08-08,0.26,0.28,0.23,0.24,5791158603.5,5791158603.5,-0.020000000000000018
2021-08-09,0.24,0.27,0.23,0.26,3702865258.6,3702865258.6,0.020000000000000018
2021-08-10,0.26,0.26,0.25,0.26,2588076619.6,2588076619.6,0.0
2021-08-11,0.26,0.28,0.26,0.26,3712761104.7,3712761104.7,0.0
2021-08-12,0.26,0.29,0.25,0.26,3923287429.8,3923287429.8,0.0
2021-08-13,0.26,0.29,0.26,0.29,2142420241.3,2142420241.3,0.02999999999999997
2021-08-14,0.29,0.3,0.28,0.29,3131790645.4,3131790645.4,0.0
2021-08-15,0.29,0.35,0.29,0.34,4964816125.0,4964816125.0,0.050000000000000044
2021-08-16,0.34,0.35,0.31,0.32,4130699106.8,4130699106.8,-0.020000000000000018
2021-08-17,0.32,0.34,0.29,0.3,3520234606.5,3520234606.5,-0.020000000000000018
2021-08-18,0.3,0.33,0.28,0.3,4089557667.2,4089557667.2,0.0
2021-08-19,0.3,0.32,0.29,0.32,2386616242.5,2386616242.5,0.020000000000000018
2021-08-20,0.32,0.34,0.31,0.33,2177517962.3,2177517962.3,0.010000000000000009
2021-08-21,0.33,0.33,0.31,0.32,1751965697.2,1751965697.2,-0.010000000000000009
2021-08-22,0.32,0.32,0.3,0.31,1401118643.8,1401118643.8,-0.010000000000000009
2021-08-23,0.31,0.33,0.31,0.32,1842154214.4,1842154214.4,0.010000000000000009
2021-08-24,0.32,0.32,0.27,0.29,2336380653.8,2336380653.8,-0.030000000000000027
2021-08-25,0.29,0.3,0.28,0.29,1658742148.8,1658742148.8,0.0
2021-08-26,0.29,0.3,0.26,0.27,1401204832.1,1401204832.1,-0.019999999999999962
2021-08-27,0.27,0.3,0.27,0.29,1345067751.7,1345067751.7,0.019999999999999962
2021-08-28,0.29,0.3,0.28,0.29,813242385.1,813242385.1,0.0
2021-08-29,0.29,0.29,0.28,0.28,758831427.0,758831427.0,-0.009999999999999953
2021-08-30,0.28,0.29,0.27,0.27,994923907.0,994923907.0,-0.010000000000000009
2021-08-31,0.27,0.29,0.27,0.28,994391602.0,994391602.0,0.010000000000000009
2021-09-01,0.28,0.29,0.27,0.29,1077645215.0,1077645215.0,0.009999999999999953
2021-09-02,0.29,0.31,0.29,0.29,1859879704.7,1859879704.7,0.0
2021-09-03,0.29,0.3,0.29,0.3,1248795134.0,1248795134.0,0.010000000000000009
2021-09-04,0.3,0.31,0.29,0.3,1170386591.0,1170386591.0,0.0
2021-09-05,0.3,0.32,0.3,0.31,1273101183.7,1273101183.7,0.010000000000000009
2021-09-06,0.31,0.32,0.3,0.31,1327741283.1,1327741283.1,0.0
2021-09-07,0.31,0.31,0.21,0.26,4143609594.1,4143609594.1,-0.04999999999999999
2021-09-08,0.26,0.26,0.23,0.26,2036725778.0,2036725778.0,0.0
2021-09-09,0.26,0.26,0.25,0.25,972908690.0,972908690.0,-0.010000000000000009
2021-09-10,0.25,0.26,0.24,0.24,1039971873.0,1039971873.0,-0.010000000000000009
2021-09-11,0.24,0.25,0.24,0.24,574961334.0,574961334.0,0.0
2021-09-12,0.24,0.26,0.24,0.25,824439503.0,824439503.0,0.010000000000000009
2021-09-13,0.25,0.25,0.23,0.24,1194502511.0,1194502511.0,-0.010000000000000009
2021-09-14,0.24,0.24,0.23,0.24,600777341.0,600777341.0,0.0
2021-09-15,0.24,0.25,0.24,0.25,624731884.0,624731884.0,0.010000000000000009
2021-09-16,0.25,0.25,0.23,0.24,767085717.0,767085717.0,-0.010000000000000009
2021-09-17,0.24,0.26,0.24,0.24,1532347235.0,1532347235.0,0.0
2021-09-18,0.24,0.25,0.24,0.24,532008968.0,532008968.0,0.0
2021-09-19,0.24,0.24,0.23,0.23,486273037.0,486273037.0,-0.009999999999999981
2021-09-20,0.23,0.23,0.2,0.21,1842218251.9,1842218251.9,-0.020000000000000018
2021-09-21,0.21,0.22,0.2,0.2,1475472637.8,1475472637.8,-0.009999999999999981
2021-09-22,0.2,0.23,0.2,0.22,1505717159.7,1505717159.7,0.01999999999999999
2021-09-23,0.22,0.23,0.22,0.22,809134784.0,809134784.0,0.0
2021-09-24,0.22,0.23,0.2,0.21,1446332143.9,1446332143.9,-0.010000000000000009
2021-09-25,0.21,0.21,0.2,0.21,648108334.0,648108334.0,0.0
2021-09-26,0.21,0.21,0.19,0.2,778024870.7,778024870.7,-0.009999999999999981
2021-09-27,0.2,0.21,0.2,0.2,447272392.0,447272392.0,0.0
2021-09-28,0.2,0.2,0.2,0.2,478010126.0,478010126.0,0.0
2021-09-29,0.2,0.2,0.19,0.2,508197881.0,508197881.0,0.0
2021-09-30,0.2,0.21,0.2,0.2,525345573.0,525345573.0,0.0
2021-10-01,0.2,0.23,0.2,0.22,1029403020.0,1029403020.0,0.01999999999999999
2021-10-02,0.22,0.23,0.22,0.22,726979560.0,726979560.0,0.0
2021-10-03,0.22,0.23,0.22,0.22,697996641.0,697996641.0,0.0
2021-10-04,0.22,0.25,0.21,0.24,3281218340.0,3281218340.0,0.01999999999999999
2021-10-05,0.24,0.27,0.23,0.25,3796153741.0,3796153741.0,0.010000000000000009
2021-10-06,0.25,0.27,0.24,0.25,3681509190.0,3681509190.0,0.0
2021-10-07,0.25,0.26,0.24,0.24,2142393485.0,2142393485.0,-0.010000000000000009
2021-10-08,0.24,0.25,0.24,0.24,1381822126.0,1381822126.0,0.0
2021-10-09,0.24,0.25,0.24,0.25,1073585552.0,1073585552.0,0.010000000000000009
2021-10-10,0.25,0.25,0.23,0.23,977648960.0,977648960.0,-0.01999999999999999
2021-10-11,0.23,0.24,0.22,0.23,1072711057.0,1072711057.0,0.0
2021-10-12,0.23,0.23,0.22,0.23,1030470079.0,1030470079.0,0.0
2021-10-13,0.23,0.23,0.22,0.23,1044380785.0,1044380785.0,0.0
2021-10-14,0.23,0.24,0.23,0.23,1098049682.0,1098049682.0,0.0
2021-10-15,0.23,0.24,0.22,0.23,1457540715.0,1457540715.0,0.0
2021-10-16,0.23,0.25,0.23,0.24,1224144433.0,1224144433.0,0.009999999999999981
2021-10-17,0.24,0.24,0.23,0.24,1210409235.0,1210409235.0,0.0
2021-10-18,0.24,0.27,0.24,0.25,4909224967.0,4909224967.0,0.010000000000000009
2021-10-19,0.25,0.26,0.24,0.25,1415459318.0,1415459318.0,0.0
2021-10-20,0.25,0.26,0.24,0.25,1638568849.0,1638568849.0,0.0
2021-10-21,0.25,0.26,0.24,0.24,1573673715.0,1573673715.0,-0.010000000000000009
2021-10-22,0.24,0.25,0.24,0.24,1553243637.0,1553243637.0,0.0
2021-10-23,0.24,0.25,0.24,0.25,1258672648.0,1258672648.0,0.010000000000000009
2021-10-24,0.25,0.28,0.25,0.28,4887922846.0,4887922846.0,0.030000000000000027
2021-10-25,0.28,0.28,0.26,0.27,2939692178.0,2939692178.0,-0.010000000000000009
2021-10-26,0.27,0.27,0.25,0.26,2132162373.0,2132162373.0,-0.010000000000000009
2021-10-27,0.26,0.26,0.22,0.24,5223432326.0,5223432326.0,-0.020000000000000018
2021-10-28,0.24,0.34,0.23,0.3,17320109431.0,17320109431.0,0.06
2021-10-29,0.3,0.31,0.28,0.29,4977184874.0,4977184874.0,-0.010000000000000009
2021-10-30,0.29,0.29,0.26,0.27,3441001301.0,3441001301.0,-0.019999999999999962
2021-10-31,0.27,0.29,0.25,0.28,3857354566.0,3857354566.0,0.010000000000000009
2021-11-01,0.28,0.29,0.26,0.27,2497093967.0,2497093967.0,-0.010000000000000009
2021-11-02,0.27,0.28,0.27,0.27,1912493294.0,1912493294.0,0.0
2021-11-03,0.27,0.28,0.26,0.27,1607498166.0,1607498166.0,0.0
2021-11-04,0.27,0.27,0.25,0.26,1446957670.0,1446957670.0,-0.010000000000000009
2021-11-05,0.26,0.27,0.25,0.26,1282376452.0,1282376452.0,0.0
2021-11-06,0.26,0.27,0.25,0.26,1135857725.0,1135857725.0,0.0
2021-11-07,0.26,0.27,0.26,0.27,912146975.0,912146975.0,0.010000000000000009
2021-11-08,0.27,0.3,0.26,0.28,3420674489.0,3420674489.0,0.010000000000000009
2021-11-09,0.28,0.29,0.27,0.27,1854893482.0,1854893482.0,-0.010000000000000009
2021-11-10,0.27,0.28,0.23,0.26,2600272877.0,2600272877.0,-0.010000000000000009
2021-11-11,0.26,0.27,0.25,0.26,1356541795.0,1356541795.0,0.0
2021-11-12,0.26,0.27,0.25,0.26,1227134455.0,1227134455.0,0.0
2021-11-13,0.26,0.26,0.25,0.26,730909452.0,730909452.0,0.0
2021-11-14,0.26,0.27,0.26,0.26,1109308026.0,1109308026.0,0.0
2021-11-15,0.26,0.27,0.26,0.26,784663988.0,784663988.0,0.0
2021-11-16,0.26,0.26,0.22,0.24,1931306150.0,1931306150.0,-0.020000000000000018
2021-11-17,0.24,0.24,0.23,0.24,1016537117.0,1016537117.0,0.0
2021-11-18,0.24,0.24,0.21,0.22,1424059825.0,1424059825.0,-0.01999999999999999
2021-11-19,0.22,0.24,0.22,0.23,1011256982.0,1011256982.0,0.010000000000000009
2021-11-20,0.23,0.24,0.22,0.23,638393250.0,638393250.0,0.0
2021-11-21,0.23,0.23,0.23,0.23,584498069.0,584498069.0,0.0
2021-11-22,0.23,0.23,0.22,0.22,715429215.0,715429215.0,-0.010000000000000009
2021-11-23,0.22,0.24,0.21,0.23,1648276631.0,1648276631.0,0.010000000000000009
2021-11-24,0.23,0.23,0.21,0.22,1150989995.0,1150989995.0,-0.010000000000000009
2021-11-25,0.22,0.23,0.21,0.22,1097415948.0,1097415948.0,0.0
2021-11-26,0.22,0.22,0.19,0.2,2305030656.3,2305030656.3,-0.01999999999999999
2021-11-27,0.2,0.21,0.2,0.2,908852823.0,908852823.0,0.0
2021-11-28,0.2,0.21,0.19,0.21,858901257.0,858901257.0,0.009999999999999981
2021-11-29,0.21,0.23,0.2,0.21,1857437869.0,1857437869.0,0.0
2021-11-30,0.21,0.23,0.21,0.21,1617695220.0,1617695220.0,0.0
2021-12-01,0.21,0.22,0.21,0.21,803902283.0,803902283.0,0.0
2021-12-02,0.21,0.22,0.2,0.21,1689895075.0,1689895075.0,0.0
2021-12-03,0.21,0.21,0.19,0.2,1011968037.0,1011968037.0,-0.009999999999999981
2021-12-04,0.2,0.2,0.13,0.18,5303849448.2,5303849448.2,-0.020000000000000018
2021-12-05,0.18,0.18,0.16,0.17,1381389600.0,1381389600.0,-0.009999999999999981
2021-12-06,0.17,0.18,0.16,0.18,1661970370.0,1661970370.0,0.009999999999999981
2021-12-07,0.18,0.18,0.17,0.18,1069148248.0,1069148248.0,0.0
2021-12-08,0.18,0.18,0.17,0.18,870067110.0,870067110.0,0.0
2021-12-09,0.18,0.18,0.17,0.17,974195305.0,974195305.0,-0.009999999999999981
2021-12-10,0.17,0.17,0.16,0.16,743981315.0,743981315.0,-0.010000000000000009
2021-12-11,0.16,0.17,0.16,0.17,654792769.0,654792769.0,0.010000000000000009
2021-12-12,0.17,0.17,0.17,0.17,499912432.0,499912432.0,0.0
2021-12-13,0.17,0.17,0.15,0.16,972416861.0,972416861.0,-0.010000000000000009
2021-12-14,0.16,0.22,0.15,0.19,7338444571.0,7338444571.0,0.03
2021-12-15,0.19,0.19,0.17,0.18,2177343912.0,2177343912.0,-0.010000000000000009
2021-12-16,0.18,0.19,0.17,0.17,1077785070.0,1077785070.0,-0.009999999999999981
2021-12-17,0.17,0.18,0.16,0.17,1033871332.0,1033871332.0,0.0
2021-12-18,0.17,0.18,0.17,0.17,594262965.0,594262965.0,0.0
2021-12-19,0.17,0.17,0.17,0.17,479149291.0,479149291.0,0.0
2021-12-20,0.17,0.17,0.16,0.17,823398873.0,823398873.0,0.0
2021-12-21,0.17,0.17,0.17,0.17,514233887.0,514233887.0,0.0
2021-12-22,0.17,0.18,0.17,0.17,885691231.0,885691231.0,0.0
2021-12-23,0.17,0.19,0.17,0.18,1027458506.0,1027458506.0,0.009999999999999981
2021-12-24,0.19,0.2,0.18,0.19,1245909390.0,1245909390.0,0.0
2021-12-25,0.19,0.2,0.18,0.19,883688963.0,883688963.0,0.0
2021-12-26,0.19,0.19,0.18,0.19,537153520.0,537153520.0,0.0
2021-12-27,0.19,0.19,0.19,0.19,613113643.0,613113643.0,0.0
2021-12-28,0.19,0.19,0.17,0.17,979781920.0,979781920.0,-0.01999999999999999
2021-12-29,0.17,0.18,0.17,0.17,716005365.0,716005365.0,0.0
2021-12-30,0.17,0.18,0.17,0.17,524275170.0,524275170.0,0.0
2021-12-31,0.17,0.18,0.17,0.17,572705101.0,572705101.0,0.0
2022-01-01,0.17,0.17,0.17,0.17,297504077.0,297504077.0,0.0
2022-01-02,0.17,0.18,0.17,0.17,312955886.0,312955886.0,0.0
2022-01-03,0.17,0.17,0.17,0.17,460985351.0,460985351.0,0.0
2022-01-04,0.17,0.17,0.17,0.17,496439208.0,496439208.0,0.0
2022-01-05,0.17,0.17,0.15,0.16,1084632258.0,1084632258.0,-0.010000000000000009
2022-01-06,0.16,0.16,0.15,0.16,705767171.0,705767171.0,0.0
2022-01-07,0.16,0.16,0.15,0.15,1079690606.0,1079690606.0,-0.010000000000000009
2022-01-08,0.16,0.16,0.15,0.15,582238373.0,582238373.0,-0.010000000000000009
2022-01-09,0.15,0.15,0.15,0.15,381170543.0,381170543.0,0.0
2022-01-10,0.15,0.15,0.14,0.14,845047878.0,845047878.0,-0.009999999999999981
2022-01-11,0.14,0.17,0.14,0.15,1691718365.0,1691718365.0,0.009999999999999981
2022-01-12,0.15,0.16,0.15,0.16,911010585.0,911010585.0,0.010000000000000009
2022-01-13,0.16,0.18,0.16,0.17,2116971492.0,2116971492.0,0.010000000000000009
2022-01-14,0.17,0.21,0.17,0.18,5406672589.0,5406672589.0,0.009999999999999981
2022-01-15,0.18,0.19,0.18,0.18,1633943311.0,1633943311.0,0.0
2022-01-16,0.18,0.18,0.17,0.18,1069094552.0,1069094552.0,0.0
2022-01-17,0.18,0.18,0.17,0.17,1091483397.0,1091483397.0,-0.009999999999999981
2022-01-18,0.17,0.17,0.16,0.17,945110452.0,945110452.0,0.0
2022-01-19,0.17,0.17,0.16,0.16,867134554.0,867134554.0,-0.010000000000000009
2022-01-20,0.16,0.17,0.15,0.16,763530515.0,763530515.0,0.0
2022-01-21,0.16,0.16,0.14,0.14,1503858051.0,1503858051.0,-0.01999999999999999
2022-01-22,0.14,0.15,0.12,0.13,2241546261.6,2241546261.6,-0.010000000000000009
2022-01-23,0.13,0.14,0.13,0.14,1196841624.0,1196841624.0,0.010000000000000009
2022-01-24,0.14,0.14,0.13,0.14,1607720454.0,1607720454.0,0.0
2022-01-25,0.14,0.15,0.13,0.14,1316136672.0,1316136672.0,0.0
2022-01-26,0.14,0.15,0.14,0.14,1324673854.0,1324673854.0,0.0
2022-01-27,0.14,0.15,0.14,0.14,677890025.0,677890025.0,0.0
2022-01-28,0.14,0.14,0.14,0.14,464231063.0,464231063.0,0.0
2022-01-29,0.14,0.14,0.14,0.14,339117872.0,339117872.0,0.0
2022-01-30,0.14,0.14,0.14,0.14,341622629.0,341622629.0,0.0
2022-01-31,0.14,0.14,0.14,0.14,365107026.0,365107026.0,0.0
2022-02-01,0.14,0.14,0.14,0.14,374440012.0,374440012.0,0.0
2022-02-02,0.14,0.15,0.14,0.14,491750010.0,491750010.0,0.0
2022-02-03,0.14,0.14,0.13,0.14,384297073.0,384297073.0,0.0
2022-02-04,0.14,0.15,0.14,0.15,562305646.0,562305646.0,0.009999999999999981
2022-02-05,0.15,0.15,0.14,0.15,526695035.0,526695035.0,0.0
2022-02-06,0.15,0.16,0.14,0.15,705984242.0,705984242.0,0.0
2022-02-07,0.15,0.17,0.15,0.17,1810847856.0,1810847856.0,0.020000000000000018
2022-02-08,0.17,0.17,0.15,0.16,1273034951.0,1273034951.0,-0.010000000000000009
2022-02-09,0.16,0.16,0.15,0.16,691842118.0,691842118.0,0.0
2022-02-10,0.16,0.16,0.15,0.15,921972005.0,921972005.0,-0.010000000000000009
2022-02-11,0.15,0.15,0.14,0.14,706523003.0,706523003.0,-0.009999999999999981
2022-02-12,0.14,0.15,0.14,0.14,573672346.0,573672346.0,0.0
2022-02-13,0.14,0.16,0.14,0.15,1586345314.0,1586345314.0,0.009999999999999981
2022-02-14,0.15,0.15,0.14,0.15,901483820.0,901483820.0,0.0
2022-02-15,0.15,0.15,0.14,0.15,600243216.0,600243216.0,0.0
2022-02-16,0.15,0.15,0.15,0.15,432478291.0,432478291.0,0.0
2022-02-17,0.15,0.15,0.14,0.14,740203412.0,740203412.0,-0.009999999999999981
2022-02-18,0.14,0.14,0.14,0.14,619882904.0,619882904.0,0.0
2022-02-19,0.14,0.15,0.14,0.14,677612304.0,677612304.0,0.0
2022-02-20,0.14,0.14,0.14,0.14,508576015.0,508576015.0,0.0
2022-02-21,0.14,0.14,0.13,0.13,1003925366.0,1003925366.0,-0.010000000000000009
2022-02-22,0.13,0.13,0.12,0.13,711049048.0,711049048.0,0.0
2022-02-23,0.13,0.14,0.13,0.13,608946632.0,608946632.0,0.0
2022-02-24,0.13,0.13,0.11,0.12,2457565179.9,2457565179.9,-0.010000000000000009
2022-02-25,0.12,0.13,0.12,0.13,799509758.0,799509758.0,0.010000000000000009
2022-02-26,0.13,0.13,0.13,0.13,531223949.0,531223949.0,0.0
2022-02-27,0.13,0.13,0.12,0.12,635411701.0,635411701.0,-0.010000000000000009
2022-02-28,0.12,0.13,0.12,0.13,734786347.0,734786347.0,0.010000000000000009
2022-03-01,0.13,0.14,0.13,0.13,925222290.0,925222290.0,0.0
2022-03-02,0.13,0.14,0.13,0.13,672511452.0,672511452.0,0.0
2022-03-03,0.13,0.13,0.13,0.13,523496191.0,523496191.0,0.0
2022-03-04,0.13,0.13,0.12,0.12,660309989.0,660309989.0,-0.010000000000000009
2022-03-05,0.12,0.13,0.12,0.12,323924728.0,323924728.0,0.0
2022-03-06,0.12,0.13,0.12,0.12,386679370.0,386679370.0,0.0
2022-03-07,0.12,0.12,0.11,0.12,511547343.0,511547343.0,0.0
2022-03-08,0.12,0.12,0.12,0.12,545435466.0,545435466.0,0.0
2022-03-09,0.12,0.12,0.12,0.12,538317389.0,538317389.0,0.0
2022-03-10,0.12,0.12,0.11,0.12,558495794.0,558495794.0,0.0
2022-03-11,0.12,0.12,0.11,0.12,407557724.0,407557724.0,0.0
2022-03-12,0.12,0.12,0.11,0.11,214689375.0,214689375.0,-0.009999999999999995
2022-03-13,0.11,0.12,0.11,0.11,401940015.0,401940015.0,0.0
2022-03-14,0.11,0.12,0.11,0.11,948724536.0,948724536.0,0.0
2022-03-15,0.11,0.11,0.11,0.11,417039779.0,417039779.0,0.0
2022-03-16,0.11,0.12,0.11,0.12,548022368.0,548022368.0,0.009999999999999995
2022-03-17,0.12,0.12,0.12,0.12,444108919.0,444108919.0,0.0
2022-03-18,0.12,0.12,0.11,0.12,431655767.0,431655767.0,0.0
2022-03-19,0.12,0.13,0.12,0.12,678711412.0,678711412.0,0.0
2022-03-20,0.12,0.12,0.12,0.12,425713425.0,425713425.0,0.0
2022-03-21,0.12,0.12,0.12,0.12,403696503.0,403696503.0,0.0
2022-03-22,0.12,0.13,0.12,0.12,640695818.0,640695818.0,0.0
2022-03-23,0.12,0.13,0.12,0.13,1136679760.0,1136679760.0,0.010000000000000009
2022-03-24,0.13,0.14,0.13,0.14,2168603367.0,2168603367.0,0.010000000000000009
2022-03-25,0.14,0.14,0.13,0.13,1191949148.0,1191949148.0,-0.010000000000000009
2022-03-26,0.13,0.14,0.13,0.14,780328909.0,780328909.0,0.010000000000000009
2022-03-27,0.14,0.15,0.14,0.14,1864810242.0,1864810242.0,0.0
2022-03-28,0.14,0.15,0.14,0.14,1905719594.0,1905719594.0,0.0
2022-03-29,0.14,0.15,0.14,0.14,1173218699.0,1173218699.0,0.0
2022-03-30,0.14,0.15,0.14,0.14,1131014248.0,1131014248.0,0.0
2022-03-31,0.14,0.15,0.14,0.14,1464999405.0,1464999405.0,0.0
2022-04-01,0.14,0.14,0.13,0.14,1030256213.0,1030256213.0,0.0
2022-04-02,0.14,0.14,0.14,0.14,804996467.0,804996467.0,0.0
2022-04-03,0.14,0.15,0.14,0.15,1229288569.0,1229288569.0,0.009999999999999981
2022-04-04,0.15,0.16,0.14,0.15,2703058960.0,2703058960.0,0.0
2022-04-05,0.15,0.18,0.15,0.17,6454340799.0,6454340799.0,0.020000000000000018
2022-04-06,0.17,0.17,0.14,0.14,5121714785.0,5121714785.0,-0.03
2022-04-07,0.14,0.15,0.14,0.15,1901323940.0,1901323940.0,0.009999999999999981
2022-04-08,0.15,0.15,0.14,0.14,2219140122.0,2219140122.0,-0.009999999999999981
2022-04-09,0.14,0.14,0.14,0.14,598706994.0,598706994.0,0.0
2022-04-10,0.14,0.16,0.14,0.15,2653381549.0,2653381549.0,0.009999999999999981
2022-04-11,0.15,0.15,0.13,0.13,2077944539.0,2077944539.0,-0.01999999999999999
2022-04-12,0.13,0.14,0.13,0.14,1432968065.0,1432968065.0,0.010000000000000009
2022-04-13,0.14,0.14,0.14,0.14,982887318.0,982887318.0,0.0
2022-04-14,0.14,0.15,0.14,0.14,2218098250.0,2218098250.0,0.0
2022-04-15,0.14,0.15,0.14,0.15,1414074566.0,1414074566.0,0.009999999999999981
2022-04-16,0.15,0.15,0.14,0.14,747201976.0,747201976.0,-0.009999999999999981
2022-04-17,0.14,0.14,0.14,0.14,693196715.0,693196715.0,0.0
2022-04-18,0.14,0.14,0.13,0.14,1219207335.0,1219207335.0,0.0
2022-04-19,0.14,0.14,0.14,0.14,811386437.0,811386437.0,0.0
2022-04-20,0.14,0.15,0.14,0.14,1387121991.0,1387121991.0,0.0
2022-04-21,0.14,0.14,0.13,0.14,873720271.0,873720271.0,0.0
2022-04-22,0.14,0.14,0.13,0.14,572175737.0,572175737.0,0.0
2022-04-23,0.14,0.14,0.13,0.13,337691149.0,337691149.0,-0.010000000000000009
2022-04-24,0.13,0.13,0.13,0.13,521764787.0,521764787.0,0.0
2022-04-25,0.13,0.17,0.12,0.16,7687212862.0,7687212862.0,0.03
2022-04-26,0.16,0.17,0.14,0.14,6993892003.0,6993892003.0,-0.01999999999999999
2022-04-27,0.14,0.15,0.14,0.14,2395315272.0,2395315272.0,0.0
2022-04-28,0.14,0.14,0.14,0.14,1507644481.0,1507644481.0,0.0
2022-04-29,0.14,0.15,0.13,0.13,2002962085.0,2002962085.0,-0.010000000000000009
2022-04-30,0.14,0.14,0.12,0.13,1256533034.0,1256533034.0,-0.010000000000000009
2022-05-01,0.13,0.14,0.13,0.13,1208220038.0,1208220038.0,0.0
2022-05-02,0.13,0.13,0.13,0.13,791121203.0,791121203.0,0.0
2022-05-03,0.13,0.13,0.13,0.13,602983927.0,602983927.0,0.0
2022-05-04,0.13,0.14,0.13,0.14,999925457.0,999925457.0,0.010000000000000009
2022-05-05,0.14,0.14,0.12,0.13,1663729207.0,1663729207.0,-0.010000000000000009
2022-05-06,0.13,0.13,0.12,0.13,919219399.0,919219399.0,0.0
2022-05-07,0.13,0.13,0.12,0.13,913433603.0,913433603.0,0.0
2022-05-08,0.13,0.13,0.12,0.12,770287457.0,770287457.0,-0.010000000000000009
2022-05-09,0.12,0.13,0.1,0.1,2102771008.3,2102771008.3,-0.01999999999999999
2022-05-10,0.1,0.12,0.1,0.11,1929997320.5,1929997320.5,0.009999999999999995
2022-05-11,0.11,0.11,0.07,0.09,4698607567.9,4698607567.9,-0.020000000000000004
2022-05-12,0.09,0.09,0.07,0.08,4099690301.0,4099690301.0,-0.009999999999999995
2022-05-13,0.08,0.1,0.08,0.09,2571346706.0,2571346706.0,0.009999999999999995
2022-05-14,0.09,0.09,0.08,0.09,1212363074.0,1212363074.0,0.0
2022-05-15,0.09,0.09,0.09,0.09,799028070.0,799028070.0,0.0
2022-05-16,0.09,0.09,0.09,0.09,674846170.0,674846170.0,0.0
2022-05-17,0.09,0.09,0.09,0.09,632579482.0,632579482.0,0.0
2022-05-18,0.09,0.09,0.08,0.08,552003943.0,552003943.0,-0.009999999999999995
2022-05-19,0.08,0.09,0.08,0.09,537654022.0,537654022.0,0.009999999999999995
2022-05-20,0.09,0.09,0.08,0.08,494642225.0,494642225.0,-0.009999999999999995
2022-05-21,0.08,0.09,0.08,0.08,200173227.0,200173227.0,0.0
2022-05-22,0.08,0.09,0.08,0.09,212040160.0,212040160.0,0.009999999999999995
2022-05-23,0.09,0.09,0.08,0.08,491119625.0,491119625.0,-0.009999999999999995
2022-05-24,0.08,0.08,0.08,0.08,359716178.0,359716178.0,0.0
2022-05-25,0.08,0.08,0.08,0.08,417147590.0,417147590.0,0.0
2022-05-26,0.08,0.08,0.07,0.08,863761845.0,863761845.0,0.0
2022-05-27,0.08,0.09,0.08,0.08,1955445636.0,1955445636.0,0.0
2022-05-28,0.08,0.08,0.08,0.08,539169761.0,539169761.0,0.0
2022-05-29,0.08,0.08,0.08,0.08,368598200.0,368598200.0,0.0
2022-05-30,0.08,0.09,0.08,0.09,1210365782.0,1210365782.0,0.009999999999999995
2022-05-31,0.09,0.09,0.08,0.09,1380975219.0,1380975219.0,0.0
2022-06-01,0.09,0.09,0.08,0.08,2111914425.0,2111914425.0,-0.009999999999999995
2022-06-02,0.08,0.08,0.08,0.08,950935239.0,950935239.0,0.0
2022-06-03,0.08,0.08,0.08,0.08,719704158.0,719704158.0,0.0
2022-06-04,0.08,0.08,0.08,0.08,508858133.0,508858133.0,0.0
2022-06-05,0.08,0.08,0.08,0.08,372318514.0,372318514.0,0.0
2022-06-06,0.08,0.08,0.08,0.08,810064865.0,810064865.0,0.0
2022-06-07,0.08,0.08,0.08,0.08,733934095.0,733934095.0,0.0
2022-06-08,0.08,0.08,0.08,0.08,536757669.0,536757669.0,0.0
2022-06-09,0.08,0.08,0.08,0.08,322805496.0,322805496.0,0.0
2022-06-10,0.08,0.08,0.07,0.08,584554571.0,584554571.0,0.0
2022-06-11,0.08,0.08,0.07,0.07,750865386.0,750865386.0,-0.009999999999999995
2022-06-12,0.07,0.07,0.06,0.06,1339377069.7,1339377069.7,-0.010000000000000009
2022-06-13,0.06,0.07,0.05,0.05,3222482666.2,3222482666.2,-0.009999999999999995
2022-06-14,0.05,0.06,0.05,0.06,2292552206.0,2292552206.0,0.009999999999999995
2022-06-15,0.06,0.06,0.05,0.06,2340963490.0,2340963490.0,0.0
2022-06-16,0.06,0.06,0.05,0.06,1635504912.0,1635504912.0,0.0
2022-06-17,0.06,0.06,0.05,0.06,694665887.0,694665887.0,0.0
2022-06-18,0.06,0.06,0.05,0.05,1478029999.0,1478029999.0,-0.009999999999999995
2022-06-19,0.05,0.06,0.05,0.06,2339917678.0,2339917678.0,0.009999999999999995
2022-06-20,0.06,0.06,0.06,0.06,963247514.0,963247514.0,0.0
2022-06-21,0.06,0.07,0.06,0.07,2221434344.0,2221434344.0,0.010000000000000009
2022-06-22,0.07,0.07,0.06,0.06,1245199586.0,1245199586.0,-0.010000000000000009
2022-06-23,0.06,0.06,0.06,0.06,826794075.0,826794075.0,0.0
2022-06-24,0.06,0.07,0.06,0.07,897806951.0,897806951.0,0.010000000000000009
2022-06-25,0.07,0.07,0.07,0.07,767798491.0,767798491.0,0.0
2022-06-26,0.07,0.08,0.07,0.07,1762543405.0,1762543405.0,0.0
2022-06-27,0.07,0.08,0.07,0.07,1823287836.0,1823287836.0,0.0
2022-06-28,0.07,0.07,0.07,0.07,1134861583.0,1134861583.0,0.0
2022-06-29,0.07,0.07,0.06,0.07,1112315068.0,1112315068.0,0.0
2022-06-30,0.07,0.07,0.06,0.07,1057005992.0,1057005992.0,0.0
2022-07-01,0.07,0.07,0.06,0.07,872749922.0,872749922.0,0.0
2022-07-02,0.07,0.07,0.07,0.07,618971181.0,618971181.0,0.0
2022-07-03,0.07,0.07,0.06,0.07,437895956.0,437895956.0,0.0
2022-07-04,0.07,0.07,0.07,0.07,647421086.0,647421086.0,0.0
2022-07-05,0.07,0.07,0.07,0.07,634033746.0,634033746.0,0.0
2022-07-06,0.07,0.07,0.07,0.07,643845555.0,643845555.0,0.0
2022-07-07,0.07,0.07,0.07,0.07,698711394.0,698711394.0,0.0
2022-07-08,0.07,0.07,0.07,0.07,767634396.0,767634396.0,0.0
2022-07-09,0.07,0.07,0.07,0.07,356555177.0,356555177.0,0.0
2022-07-10,0.07,0.07,0.07,0.07,500345310.0,500345310.0,0.0
2022-07-11,0.07,0.07,0.06,0.06,567740257.0,567740257.0,-0.010000000000000009
2022-07-12,0.06,0.06,0.06,0.06,490698646.0,490698646.0,0.0
2022-07-13,0.06,0.06,0.06,0.06,765623144.0,765623144.0,0.0
2022-07-14,0.06,0.06,0.06,0.06,619370560.0,619370560.0,0.0
2022-07-15,0.06,0.06,0.06,0.06,651264714.0,651264714.0,0.0
2022-07-16,0.06,0.06,0.06,0.06,450542104.0,450542104.0,0.0
2022-07-17,0.06,0.07,0.06,0.06,413264543.0,413264543.0,0.0
2022-07-18,0.06,0.07,0.06,0.07,1153131436.0,1153131436.0,0.010000000000000009
2022-07-19,0.07,0.07,0.07,0.07,1049353576.0,1049353576.0,0.0
2022-07-20,0.07,0.08,0.07,0.07,1879167633.0,1879167633.0,0.0
2022-07-21,0.07,0.07,0.07,0.07,831525229.0,831525229.0,0.0
2022-07-22,0.07,0.07,0.07,0.07,698239065.0,698239065.0,0.0
2022-07-23,0.07,0.07,0.07,0.07,574830361.0,574830361.0,0.0
2022-07-24,0.07,0.07,0.07,0.07,422181889.0,422181889.0,0.0
2022-07-25,0.07,0.07,0.06,0.06,699294463.0,699294463.0,-0.010000000000000009
2022-07-26,0.06,0.06,0.06,0.06,598070119.0,598070119.0,0.0
2022-07-27,0.06,0.07,0.06,0.07,722135201.0,722135201.0,0.010000000000000009
2022-07-28,0.07,0.07,0.07,0.07,947954323.0,947954323.0,0.0
2022-07-29,0.07,0.07,0.07,0.07,1006131726.0,1006131726.0,0.0
2022-07-30,0.07,0.07,0.07,0.07,1305533142.0,1305533142.0,0.0
2022-07-31,0.07,0.07,0.07,0.07,789967033.0,789967033.0,0.0
2022-08-01,0.07,0.07,0.07,0.07,770509779.0,770509779.0,0.0
2022-08-02,0.07,0.07,0.07,0.07,571786789.0,571786789.0,0.0
2022-08-03,0.07,0.07,0.07,0.07,475501306.0,475501306.0,0.0
2022-08-04,0.07,0.07,0.07,0.07,417953599.0,417953599.0,0.0
2022-08-05,0.07,0.07,0.07,0.07,655343802.0,655343802.0,0.0
2022-08-06,0.07,0.07,0.07,0.07,515275101.0,515275101.0,0.0
2022-08-07,0.07,0.07,0.07,0.07,334443472.0,334443472.0,0.0
2022-08-08,0.07,0.07,0.07,0.07,791973876.0,791973876.0,0.0
2022-08-09,0.07,0.07,0.07,0.07,1319171735.0,1319171735.0,0.0
2022-08-10,0.07,0.07,0.07,0.07,864532997.0,864532997.0,0.0
2022-08-11,0.07,0.08,0.07,0.07,1244652711.0,1244652711.0,0.0
2022-08-12,0.07,0.07,0.07,0.07,558720656.0,558720656.0,0.0
2022-08-13,0.07,0.08,0.07,0.07,814196356.0,814196356.0,0.0
2022-08-14,0.07,0.08,0.07,0.08,3169284659.0,3169284659.0,0.009999999999999995
2022-08-15,0.08,0.08,0.07,0.08,1760099314.0,1760099314.0,0.0
2022-08-16,0.08,0.09,0.08,0.09,4011386761.0,4011386761.0,0.009999999999999995
2022-08-17,0.09,0.09,0.08,0.08,2056226341.0,2056226341.0,-0.009999999999999995
2022-08-18,0.08,0.08,0.07,0.07,1299546363.0,1299546363.0,-0.009999999999999995
2022-08-19,0.07,0.08,0.07,0.07,2379477045.0,2379477045.0,0.0
2022-08-20,0.07,0.07,0.07,0.07,1258894600.0,1258894600.0,0.0
2022-08-21,0.07,0.07,0.07,0.07,1013563879.0,1013563879.0,0.0
2022-08-22,0.07,0.07,0.07,0.07,884457833.0,884457833.0,0.0
2022-08-23,0.07,0.07,0.07,0.07,498322188.0,498322188.0,0.0
2022-08-24,0.07,0.07,0.07,0.07,536623127.0,536623127.0,0.0
2022-08-25,0.07,0.07,0.07,0.07,904268436.0,904268436.0,0.0
2022-08-26,0.07,0.07,0.06,0.06,1220146376.0,1220146376.0,-0.010000000000000009
2022-08-27,0.06,0.06,0.06,0.06,713605775.0,713605775.0,0.0
2022-08-28,0.06,0.06,0.06,0.06,533481708.0,533481708.0,0.0
2022-08-29,0.06,0.06,0.06,0.06,599200371.0,599200371.0,0.0
2022-08-30,0.06,0.06,0.06,0.06,611034766.0,611034766.0,0.0
2022-08-31,0.06,0.06,0.06,0.06,550957335.0,550957335.0,0.0
2022-09-01,0.06,0.06,0.06,0.06,567020740.0,567020740.0,0.0
2022-09-02,0.06,0.06,0.06,0.06,436731244.0,436731244.0,0.0
2022-09-03,0.06,0.06,0.06,0.06,506474868.0,506474868.0,0.0
2022-09-04,0.06,0.06,0.06,0.06,426054692.0,426054692.0,0.0
2022-09-05,0.06,0.06,0.06,0.06,394413001.0,394413001.0,0.0
2022-09-06,0.06,0.07,0.06,0.06,1030694821.0,1030694821.0,0.0
2022-09-07,0.06,0.06,0.06,0.06,572781904.0,572781904.0,0.0
2022-09-08,0.06,0.06,0.06,0.06,474879318.0,474879318.0,0.0
2022-09-09,0.06,0.06,0.06,0.06,1042646377.0,1042646377.0,0.0
2022-09-10,0.06,0.07,0.06,0.06,860544762.0,860544762.0,0.0
2022-09-11,0.06,0.07,0.06,0.06,712921351.0,712921351.0,0.0
2022-09-12,0.06,0.07,0.06,0.06,676230761.0,676230761.0,0.0
2022-09-13,0.06,0.06,0.06,0.06,1028728701.0,1028728701.0,0.0
2022-09-14,0.06,0.06,0.06,0.06,689192149.0,689192149.0,0.0
2022-09-15,0.06,0.06,0.06,0.06,674751292.0,674751292.0,0.0
2022-09-16,0.06,0.06,0.06,0.06,481393122.0,481393122.0,0.0
2022-09-17,0.06,0.06,0.06,0.06,440603174.0,440603174.0,0.0
2022-09-18,0.06,0.06,0.06,0.06,600769480.0,600769480.0,0.0
2022-09-19,0.06,0.06,0.06,0.06,624550093.0,624550093.0,0.0
2022-09-20,0.06,0.06,0.06,0.06,518174761.0,518174761.0,0.0
2022-09-21,0.06,0.06,0.06,0.06,802984616.0,802984616.0,0.0
2022-09-22,0.06,0.06,0.06,0.06,485039595.0,485039595.0,0.0
2022-09-23,0.06,0.06,0.06,0.06,1396167433.0,1396167433.0,0.0
2022-09-24,0.06,0.07,0.06,0.06,2594470223.0,2594470223.0,0.0
2022-09-25,0.06,0.06,0.06,0.06,773373679.0,773373679.0,0.0
2022-09-26,0.06,0.06,0.06,0.06,586568692.0,586568692.0,0.0
2022-09-27,0.06,0.06,0.06,0.06,580177161.0,580177161.0,0.0
2022-09-28,0.06,0.06,0.06,0.06,501123807.0,501123807.0,0.0
2022-09-29,0.06,0.06,0.06,0.06,399104883.0,399104883.0,0.0
2022-09-30,0.06,0.06,0.06,0.06,685383674.0,685383674.0,0.0
2022-10-01,0.06,0.06,0.06,0.06,716678180.0,716678180.0,0.0
2022-10-02,0.06,0.06,0.06,0.06,337873392.0,337873392.0,0.0
2022-10-03,0.06,0.06,0.06,0.06,317408954.0,317408954.0,0.0
2022-10-04,0.06,0.07,0.06,0.07,1976517731.0,1976517731.0,0.010000000000000009
2022-10-05,0.07,0.07,0.06,0.06,1259186373.0,1259186373.0,-0.010000000000000009
2022-10-06,0.06,0.07,0.06,0.06,685939526.0,685939526.0,0.0
2022-10-07,0.06,0.06,0.06,0.06,500880550.0,500880550.0,0.0
2022-10-08,0.06,0.06,0.06,0.06,230874372.0,230874372.0,0.0
2022-10-09,0.06,0.06,0.06,0.06,226968934.0,226968934.0,0.0
2022-10-10,0.06,0.06,0.06,0.06,386782574.0,386782574.0,0.0
2022-10-11,0.06,0.06,0.06,0.06,478062235.0,478062235.0,0.0
2022-10-12,0.06,0.06,0.06,0.06,252208137.0,252208137.0,0.0
2022-10-13,0.06,0.06,0.06,0.06,761866013.0,761866013.0,0.0
2022-10-14,0.06,0.06,0.06,0.06,327532810.0,327532810.0,0.0
2022-10-15,0.06,0.06,0.06,0.06,249335168.0,249335168.0,0.0
2022-10-16,0.06,0.06,0.06,0.06,160481253.0,160481253.0,0.0
2022-10-17,0.06,0.06,0.06,0.06,194737870.0,194737870.0,0.0
2022-10-18,0.06,0.06,0.06,0.06,351446283.0,351446283.0,0.0
2022-10-19,0.06,0.06,0.06,0.06,458718503.0,458718503.0,0.0
2022-10-20,0.06,0.06,0.06,0.06,340532633.0,340532633.0,0.0
2022-10-21,0.06,0.06,0.06,0.06,287377970.0,287377970.0,0.0
2022-10-22,0.06,0.06,0.06,0.06,198858373.0,198858373.0,0.0
2022-10-23,0.06,0.06,0.06,0.06,249563654.0,249563654.0,0.0
2022-10-24,0.06,0.06,0.06,0.06,344276898.0,344276898.0,0.0
2022-10-25,0.06,0.06,0.06,0.06,1024580884.0,1024580884.0,0.0
2022-10-26,0.06,0.07,0.06,0.07,2893785380.0,2893785380.0,0.010000000000000009
2022-10-27,0.07,0.09,0.07,0.08,5263995288.0,5263995288.0,0.009999999999999995
2022-10-28,0.08,0.09,0.07,0.08,6297011393.0,6297011393.0,0.0
2022-10-29,0.08,0.15,0.08,0.12,15308814618.0,15308814618.0,0.039999999999999994
2022-10-30,0.12,0.14,0.11,0.12,9155956957.0,9155956957.0,0.0
2022-10-31,0.12,0.13,0.11,0.13,7416828751.0,7416828751.0,0.010000000000000009
2022-11-01,0.13,0.16,0.12,0.14,9951558350.0,9951558350.0,0.010000000000000009
2022-11-02,0.14,0.15,0.12,0.13,6438544218.0,6438544218.0,-0.010000000000000009
2022-11-03,0.13,0.14,0.12,0.12,3814668576.0,3814668576.0,-0.010000000000000009
2022-11-04,0.12,0.13,0.12,0.13,4491405373.0,4491405373.0,0.010000000000000009
2022-11-05,0.13,0.14,0.12,0.12,2575911841.0,2575911841.0,-0.010000000000000009
2022-11-06,0.12,0.13,0.11,0.11,1828089235.0,1828089235.0,-0.009999999999999995
2022-11-07,0.11,0.12,0.11,0.11,1960584662.0,1960584662.0,0.0
2022-11-08,0.11,0.11,0.08,0.09,6869827495.0,6869827495.0,-0.020000000000000004
2022-11-09,0.09,0.09,0.07,0.07,5778334733.0,5778334733.0,-0.01999999999999999
2022-11-10,0.07,0.09,0.07,0.09,4922943119.0,4922943119.0,0.01999999999999999
2022-11-11,0.09,0.09,0.08,0.09,2597129664.0,2597129664.0,0.0
2022-11-12,0.09,0.1,0.08,0.09,3871215593.0,3871215593.0,0.0
2022-11-13,0.09,0.09,0.08,0.08,2193482956.0,2193482956.0,-0.009999999999999995
2022-11-14,0.08,0.09,0.08,0.09,2525683803.0,2525683803.0,0.009999999999999995
2022-11-15,0.09,0.09,0.08,0.09,1318756115.0,1318756115.0,0.0
2022-11-16,0.09,0.09,0.08,0.09,1621532204.0,1621532204.0,0.0
2022-11-17,0.09,0.09,0.08,0.08,1133495442.0,1133495442.0,-0.009999999999999995
2022-11-18,0.08,0.09,0.08,0.08,818587592.0,818587592.0,0.0
2022-11-19,0.08,0.09,0.08,0.08,489697622.0,489697622.0,0.0
2022-11-20,0.08,0.09,0.08,0.08,1168377788.0,1168377788.0,0.0
2022-11-21,0.08,0.08,0.07,0.07,1869844515.0,1869844515.0,-0.009999999999999995
2022-11-22,0.07,0.08,0.07,0.08,1448103545.0,1448103545.0,0.009999999999999995
2022-11-23,0.08,0.08,0.08,0.08,1258795497.0,1258795497.0,0.0
2022-11-24,0.08,0.08,0.08,0.08,739233520.0,739233520.0,0.0
2022-11-25,0.08,0.09,0.08,0.09,2497331251.0,2497331251.0,0.009999999999999995
2022-11-26,0.09,0.1,0.09,0.09,1914481802.0,1914481802.0,0.0
2022-11-27,0.09,0.11,0.09,0.1,4273685671.0,4273685671.0,0.010000000000000009
2022-11-28,0.1,0.1,0.09,0.1,3340654160.0,3340654160.0,0.0
2022-11-29,0.1,0.11,0.09,0.1,2909789625.0,2909789625.0,0.0
2022-11-30,0.1,0.11,0.1,0.11,2791151929.0,2791151929.0,0.009999999999999995
2022-12-01,0.11,0.11,0.1,0.1,1927610473.0,1927610473.0,-0.009999999999999995
2022-12-02,0.1,0.1,0.1,0.1,1560905751.0,1560905751.0,0.0
2022-12-03,0.1,0.1,0.1,0.1,1356635083.0,1356635083.0,0.0
2022-12-04,0.1,0.11,0.1,0.1,1609965913.0,1609965913.0,0.0
2022-12-05,0.1,0.11,0.1,0.1,2106903673.0,2106903673.0,0.0
2022-12-06,0.1,0.1,0.1,0.1,1145270821.0,1145270821.0,0.0
2022-12-07,0.1,0.1,0.09,0.1,1404880230.0,1404880230.0,0.0
2022-12-08,0.1,0.1,0.09,0.1,1031574520.0,1031574520.0,0.0
2022-12-09,0.1,0.1,0.1,0.1,956187442.0,956187442.0,0.0
2022-12-10,0.1,0.1,0.1,0.1,429034730.0,429034730.0,0.0
2022-12-11,0.1,0.1,0.09,0.09,627479341.0,627479341.0,-0.010000000000000009
2022-12-12,0.09,0.09,0.08,0.09,1940139927.0,1940139927.0,0.0
2022-12-13,0.09,0.1,0.09,0.09,1698390609.0,1698390609.0,0.0
2022-12-14,0.09,0.09,0.09,0.09,1247687146.0,1247687146.0,0.0
2022-12-15,0.09,0.09,0.08,0.08,899180340.0,899180340.0,-0.009999999999999995
2022-12-16,0.08,0.09,0.07,0.08,1755203327.0,1755203327.0,0.0
2022-12-17,0.08,0.08,0.08,0.08,1337164978.0,1337164978.0,0.0
2022-12-18,0.08,0.08,0.08,0.08,630900319.0,630900319.0,0.0
2022-12-19,0.08,0.08,0.07,0.07,1529698798.0,1529698798.0,-0.009999999999999995
2022-12-20,0.07,0.08,0.07,0.07,1127168971.0,1127168971.0,0.0
2022-12-21,0.07,0.08,0.07,0.07,912809062.0,912809062.0,0.0
2022-12-22,0.07,0.08,0.07,0.08,1485392938.0,1485392938.0,0.009999999999999995
2022-12-23,0.08,0.08,0.08,0.08,1022963248.0,1022963248.0,0.0
2022-12-24,0.08,0.08,0.08,0.08,360306517.0,360306517.0,0.0
2022-12-25,0.08,0.08,0.07,0.08,1157436298.0,1157436298.0,0.0
2022-12-26,0.08,0.08,0.07,0.08,648289873.0,648289873.0,0.0
2022-12-27,0.08,0.08,0.07,0.07,706850540.0,706850540.0,-0.009999999999999995
2022-12-28,0.07,0.07,0.07,0.07,1500166937.0,1500166937.0,0.0
2022-12-29,0.07,0.07,0.07,0.07,772145313.0,772145313.0,0.0
2022-12-30,0.07,0.07,0.07,0.07,1196523595.0,1196523595.0,0.0
2022-12-31,0.07,0.07,0.07,0.07,731983708.0,731983708.0,0.0
2023-01-01,0.07,0.07,0.07,0.07,446408160.0,446408160.0,0.0
2023-01-02,0.07,0.07,0.07,0.07,1115176285.0,1115176285.0,0.0
2023-01-03,0.07,0.07,0.07,0.07,732706343.0,732706343.0,0.0
2023-01-04,0.07,0.07,0.07,0.07,790550617.0,790550617.0,0.0
2023-01-05,0.07,0.08,0.07,0.07,1201528327.0,1201528327.0,0.0
2023-01-06,0.07,0.07,0.07,0.07,906514550.0,906514550.0,0.0
2023-01-07,0.07,0.07,0.07,0.07,438575312.0,438575312.0,0.0
2023-01-08,0.07,0.07,0.07,0.07,699742440.0,699742440.0,0.0
2023-01-09,0.07,0.08,0.07,0.08,2439547755.0,2439547755.0,0.009999999999999995
2023-01-10,0.08,0.08,0.07,0.08,1467632421.0,1467632421.0,0.0
2023-01-11,0.08,0.08,0.07,0.08,1121053232.0,1121053232.0,0.0
2023-01-12,0.08,0.08,0.08,0.08,1968905283.0,1968905283.0,0.0
2023-01-13,0.08,0.09,0.08,0.08,1429185415.0,1429185415.0,0.0
2023-01-14,0.08,0.09,0.08,0.09,2545072024.0,2545072024.0,0.009999999999999995
2023-01-15,0.09,0.09,0.08,0.09,1138888071.0,1138888071.0,0.0
2023-01-16,0.09,0.09,0.08,0.08,1287934489.0,1287934489.0,-0.009999999999999995
2023-01-17,0.08,0.09,0.08,0.08,756342910.0,756342910.0,0.0
2023-01-18,0.08,0.09,0.08,0.08,2493642731.0,2493642731.0,0.0
2023-01-19,0.08,0.08,0.08,0.08,691282040.0,691282040.0,0.0
2023-01-20,0.08,0.09,0.08,0.09,918640712.0,918640712.0,0.009999999999999995
2023-01-21,0.09,0.09,0.08,0.08,1633128413.0,1633128413.0,-0.009999999999999995
2023-01-22,0.08,0.09,0.08,0.09,1738503746.0,1738503746.0,0.009999999999999995
2023-01-23,0.09,0.09,0.09,0.09,1434286413.0,1434286413.0,0.0
2023-01-24,0.09,0.09,0.08,0.08,1125073702.0,1125073702.0,-0.009999999999999995
2023-01-25,0.08,0.09,0.08,0.09,1051938532.0,1051938532.0,0.009999999999999995
2023-01-26,0.09,0.09,0.08,0.09,798277511.0,798277511.0,0.0
2023-01-27,0.09,0.09,0.08,0.09,754008754.0,754008754.0,0.0
2023-01-28,0.09,0.09,0.09,0.09,1403207343.0,1403207343.0,0.0
2023-01-29,0.09,0.09,0.09,0.09,1040667224.0,1040667224.0,0.0
2023-01-30,0.09,0.09,0.08,0.09,1972615630.0,1972615630.0,0.0
2023-01-31,0.09,0.1,0.09,0.1,3424868562.0,3424868562.0,0.010000000000000009
2023-02-01,0.1,0.1,0.09,0.09,2518388790.0,2518388790.0,-0.010000000000000009
2023-02-02,0.09,0.1,0.09,0.09,1627338143.0,1627338143.0,0.0
2023-02-03,0.09,0.09,0.09,0.09,1151670924.0,1151670924.0,0.0
2023-02-04,0.09,0.1,0.09,0.1,2334550634.0,2334550634.0,0.010000000000000009
2023-02-05,0.1,0.1,0.09,0.09,1602924250.0,1602924250.0,-0.010000000000000009
2023-02-06,0.09,0.09,0.09,0.09,969968684.0,969968684.0,0.0
2023-02-07,0.09,0.09,0.09,0.09,846234202.0,846234202.0,0.0
2023-02-08,0.09,0.09,0.09,0.09,817449844.0,817449844.0,0.0
2023-02-09,0.09,0.09,0.08,0.08,1673139025.0,1673139025.0,-0.009999999999999995
2023-02-10,0.08,0.08,0.08,0.08,1054839195.0,1054839195.0,0.0
2023-02-11,0.08,0.08,0.08,0.08,409857675.0,409857675.0,0.0
2023-02-12,0.08,0.09,0.08,0.08,932273677.0,932273677.0,0.0
2023-02-13,0.08,0.09,0.08,0.08,1742593714.0,1742593714.0,0.0
2023-02-14,0.08,0.08,0.08,0.08,785765214.0,785765214.0,0.0
2023-02-15,0.08,0.09,0.08,0.09,1906740485.0,1906740485.0,0.009999999999999995
2023-02-16,0.09,0.09,0.08,0.08,1730290902.0,1730290902.0,-0.009999999999999995
2023-02-17,0.08,0.09,0.08,0.09,778220031.0,778220031.0,0.009999999999999995
2023-02-18,0.09,0.09,0.09,0.09,741187928.0,741187928.0,0.0
2023-02-19,0.09,0.09,0.09,0.09,933849140.0,933849140.0,0.0
2023-02-20,0.09,0.09,0.09,0.09,774767125.0,774767125.0,0.0
2023-02-21,0.09,0.09,0.08,0.09,984199238.0,984199238.0,0.0
2023-02-22,0.09,0.09,0.08,0.09,1754704513.0,1754704513.0,0.0
2023-02-23,0.09,0.09,0.08,0.08,708234194.0,708234194.0,-0.009999999999999995
2023-02-24,0.08,0.08,0.08,0.08,1006076322.0,1006076322.0,0.0
2023-02-25,0.08,0.08,0.08,0.08,671481093.0,671481093.0,0.0
2023-02-26,0.08,0.08,0.08,0.08,375150914.0,375150914.0,0.0
2023-02-27,0.08,0.08,0.08,0.08,535217985.0,535217985.0,0.0
2023-02-28,0.08,0.08,0.08,0.08,782956200.0,782956200.0,0.0
2023-03-01,0.08,0.08,0.08,0.08,449680442.0,449680442.0,0.0
2023-03-02,0.08,0.08,0.08,0.08,396580116.0,396580116.0,0.0
2023-03-03,0.08,0.08,0.07,0.08,1391618480.0,1391618480.0,0.0
2023-03-04,0.08,0.08,0.07,0.07,646573785.0,646573785.0,-0.009999999999999995
2023-03-05,0.07,0.08,0.07,0.07,473247429.0,473247429.0,0.0
2023-03-06,0.07,0.08,0.07,0.07,601290505.0,601290505.0,0.0
2023-03-07,0.07,0.08,0.07,0.07,715751875.0,715751875.0,0.0
2023-03-08,0.07,0.07,0.07,0.07,710430111.0,710430111.0,0.0
2023-03-09,0.07,0.07,0.06,0.07,1514038685.0,1514038685.0,0.0
2023-03-10,0.07,0.07,0.06,0.07,1320901834.0,1320901834.0,0.0
2023-03-11,0.07,0.07,0.06,0.07,1096354085.0,1096354085.0,0.0
2023-03-12,0.07,0.07,0.07,0.07,950190978.0,950190978.0,0.0
2023-03-13,0.07,0.07,0.07,0.07,1285142360.0,1285142360.0,0.0
2023-03-14,0.07,0.08,0.07,0.07,1507610170.0,1507610170.0,0.0
2023-03-15,0.07,0.08,0.07,0.07,1326712138.0,1326712138.0,0.0
2023-03-16,0.07,0.07,0.07,0.07,842159396.0,842159396.0,0.0
2023-03-17,0.07,0.08,0.07,0.08,1234974838.0,1234974838.0,0.009999999999999995
2023-03-18,0.08,0.08,0.07,0.07,1383588746.0,1383588746.0,-0.009999999999999995
2023-03-19,0.07,0.08,0.07,0.07,818390779.0,818390779.0,0.0
2023-03-20,0.07,0.08,0.07,0.07,1079402871.0,1079402871.0,0.0
2023-03-21,0.07,0.08,0.07,0.08,1544655030.0,1544655030.0,0.009999999999999995
2023-03-22,0.08,0.08,0.07,0.07,1912919819.0,1912919819.0,-0.009999999999999995
2023-03-23,0.07,0.08,0.07,0.08,1770056622.0,1770056622.0,0.009999999999999995
2023-03-24,0.08,0.08,0.07,0.07,836571352.0,836571352.0,-0.009999999999999995
2023-03-25,0.07,0.08,0.07,0.07,658593695.0,658593695.0,0.0
2023-03-26,0.07,0.08,0.07,0.07,480451959.0,480451959.0,0.0
2023-03-27,0.07,0.08,0.07,0.07,1127427328.0,1127427328.0,0.0
2023-03-28,0.07,0.07,0.07,0.07,644358903.0,644358903.0,0.0
2023-03-29,0.07,0.08,0.07,0.08,1004337728.0,1004337728.0,0.009999999999999995
2023-03-30,0.08,0.08,0.07,0.07,827561063.0,827561063.0,-0.009999999999999995
2023-03-31,0.07,0.08,0.07,0.08,838503016.0,838503016.0,0.009999999999999995
2023-04-01,0.08,0.09,0.08,0.08,1854882421.0,1854882421.0,0.0
2023-04-02,0.08,0.09,0.08,0.08,2199172283.0,2199172283.0,0.0
2023-04-03,0.08,0.1,0.08,0.1,8818532284.0,8818532284.0,0.020000000000000004
2023-04-04,0.1,0.1,0.09,0.1,7327021779.0,7327021779.0,0.0
2023-04-05,0.1,0.1,0.09,0.09,3340986573.0,3340986573.0,-0.010000000000000009
2023-04-06,0.09,0.09,0.08,0.09,3278113280.0,3278113280.0,0.0
2023-04-07,0.09,0.09,0.08,0.08,2228211181.0,2228211181.0,-0.009999999999999995
2023-04-08,0.08,0.08,0.08,0.08,1218517909.0,1218517909.0,0.0
2023-04-09,0.08,0.08,0.08,0.08,922447755.0,922447755.0,0.0
2023-04-10,0.08,0.09,0.08,0.08,948759612.0,948759612.0,0.0
2023-04-11,0.08,0.09,0.08,0.08,1001623427.0,1001623427.0,0.0
2023-04-12,0.08,0.09,0.08,0.08,1733885327.0,1733885327.0,0.0
2023-04-13,0.08,0.09,0.08,0.09,1824584606.0,1824584606.0,0.009999999999999995
2023-04-14,0.09,0.09,0.09,0.09,2129880806.0,2129880806.0,0.0
2023-04-15,0.09,0.09,0.09,0.09,873116413.0,873116413.0,0.0
2023-04-16,0.09,0.09,0.09,0.09,1204599668.0,1204599668.0,0.0
2023-04-17,0.09,0.09,0.09,0.09,2941097287.0,2941097287.0,0.0
2023-04-18,0.09,0.1,0.09,0.09,1670819556.0,1670819556.0,0.0
2023-04-19,0.09,0.09,0.08,0.09,2757696460.0,2757696460.0,0.0
2023-04-20,0.09,0.09,0.08,0.08,4572088496.0,4572088496.0,-0.009999999999999995
2023-04-21,0.08,0.08,0.08,0.08,2208532603.0,2208532603.0,0.0
2023-04-22,0.08,0.08,0.08,0.08,807742799.0,807742799.0,0.0
2023-04-23,0.08,0.08,0.08,0.08,776127337.0,776127337.0,0.0
2023-04-24,0.08,0.08,0.08,0.08,835608693.0,835608693.0,0.0
2023-04-25,0.08,0.08,0.08,0.08,649768816.0,649768816.0,0.0
2023-04-26,0.08,0.08,0.07,0.08,1881668380.0,1881668380.0,0.0
2023-04-27,0.08,0.08,0.08,0.08,1030067337.0,1030067337.0,0.0
2023-04-28,0.08,0.08,0.08,0.08,490310858.0,490310858.0,0.0
2023-04-29,0.08,0.08,0.08,0.08,590694438.0,590694438.0,0.0
2023-04-30,0.08,0.08,0.08,0.08,585421236.0,585421236.0,0.0
2023-05-01,0.08,0.08,0.08,0.08,687515788.0,687515788.0,0.0
2023-05-02,0.08,0.08,0.08,0.08,429294264.0,429294264.0,0.0
2023-05-03,0.08,0.08,0.08,0.08,666847319.0,666847319.0,0.0
2023-05-04,0.08,0.08,0.08,0.08,521626133.0,521626133.0,0.0
2023-05-05,0.08,0.08,0.08,0.08,751560591.0,751560591.0,0.0
2023-05-06,0.08,0.08,0.08,0.08,866161917.0,866161917.0,0.0
2023-05-07,0.08,0.08,0.08,0.08,440286253.0,440286253.0,0.0
2023-05-08,0.08,0.08,0.07,0.07,1086840054.0,1086840054.0,-0.009999999999999995
2023-05-09,0.07,0.07,0.07,0.07,581336500.0,581336500.0,0.0
2023-05-10,0.07,0.07,0.07,0.07,830157442.0,830157442.0,0.0
2023-05-11,0.07,0.07,0.07,0.07,786571281.0,786571281.0,0.0
2023-05-12,0.07,0.07,0.07,0.07,977393789.0,977393789.0,0.0
2023-05-13,0.07,0.07,0.07,0.07,331390133.0,331390133.0,0.0
2023-05-14,0.07,0.07,0.07,0.07,239907331.0,239907331.0,0.0
2023-05-15,0.07,0.07,0.07,0.07,501437549.0,501437549.0,0.0
2023-05-16,0.07,0.07,0.07,0.07,356844405.0,356844405.0,0.0
2023-05-17,0.07,0.08,0.07,0.07,763341382.0,763341382.0,0.0
2023-05-18,0.07,0.07,0.07,0.07,792415671.0,792415671.0,0.0
2023-05-19,0.07,0.07,0.07,0.07,335992593.0,335992593.0,0.0
2023-05-20,0.07,0.07,0.07,0.07,203083357.0,203083357.0,0.0
2023-05-21,0.07,0.07,0.07,0.07,313624488.0,313624488.0,0.0
2023-05-22,0.07,0.07,0.07,0.07,461513189.0,461513189.0,0.0
2023-05-23,0.07,0.07,0.07,0.07,334965527.0,334965527.0,0.0
2023-05-24,0.07,0.07,0.07,0.07,630159786.0,630159786.0,0.0
2023-05-25,0.07,0.07,0.07,0.07,486062691.0,486062691.0,0.0
2023-05-26,0.07,0.07,0.07,0.07,408192832.0,408192832.0,0.0
2023-05-27,0.07,0.07,0.07,0.07,369096577.0,369096577.0,0.0
2023-05-28,0.07,0.07,0.07,0.07,434942386.0,434942386.0,0.0
2023-05-29,0.07,0.07,0.07,0.07,310287767.0,310287767.0,0.0
2023-05-30,0.07,0.07,0.07,0.07,465392836.0,465392836.0,0.0
2023-05-31,0.07,0.07,0.07,0.07,377200792.0,377200792.0,0.0
2023-06-01,0.07,0.07,0.07,0.07,337422502.0,337422502.0,0.0
2023-06-02,0.07,0.07,0.07,0.07,386392712.0,386392712.0,0.0
2023-06-03,0.07,0.07,0.07,0.07,213922814.0,213922814.0,0.0
2023-06-04,0.07,0.07,0.07,0.07,273284700.0,273284700.0,0.0
2023-06-05,0.07,0.07,0.06,0.07,1393290604.0,1393290604.0,0.0
2023-06-06,0.07,0.07,0.07,0.07,1170265603.0,1170265603.0,0.0
2023-06-07,0.07,0.07,0.07,0.07,687833819.0,687833819.0,0.0
2023-06-08,0.07,0.07,0.07,0.07,366934419.0,366934419.0,0.0
2023-06-09,0.07,0.07,0.07,0.07,664528733.0,664528733.0,0.0
2023-06-10,0.07,0.07,0.05,0.06,2781711103.0,2781711103.0,-0.010000000000000009
2023-06-11,0.06,0.06,0.06,0.06,580462318.0,580462318.0,0.0
2023-06-12,0.06,0.06,0.06,0.06,485251023.0,485251023.0,0.0
2023-06-13,0.06,0.06,0.06,0.06,469560125.0,469560125.0,0.0
2023-06-14,0.06,0.06,0.06,0.06,642700404.0,642700404.0,0.0
2023-06-15,0.06,0.06,0.06,0.06,534409612.0,534409612.0,0.0
2023-06-16,0.06,0.06,0.06,0.06,501181424.0,501181424.0,0.0
2023-06-17,0.06,0.06,0.06,0.06,358515676.0,358515676.0,0.0
2023-06-18,0.06,0.06,0.06,0.06,616148520.0,616148520.0,0.0
2023-06-19,0.06,0.06,0.06,0.06,313699473.0,313699473.0,0.0
2023-06-20,0.06,0.06,0.06,0.06,438420606.0,438420606.0,0.0
2023-06-21,0.06,0.07,0.06,0.07,948481988.0,948481988.0,0.010000000000000009
2023-06-22,0.07,0.07,0.07,0.07,998222870.0,998222870.0,0.0
2023-06-23,0.07,0.07,0.07,0.07,780327080.0,780327080.0,0.0
2023-06-24,0.07,0.07,0.07,0.07,638939181.0,638939181.0,0.0
2023-06-25,0.07,0.07,0.07,0.07,378779847.0,378779847.0,0.0
2023-06-26,0.07,0.07,0.06,0.06,710375009.0,710375009.0,-0.010000000000000009
2023-06-27,0.06,0.07,0.06,0.07,477097877.0,477097877.0,0.010000000000000009
2023-06-28,0.07,0.07,0.06,0.06,700025590.0,700025590.0,-0.010000000000000009
2023-06-29,0.06,0.06,0.06,0.06,450376389.0,450376389.0,0.0
2023-06-30,0.06,0.07,0.06,0.07,1114226909.0,1114226909.0,0.010000000000000009
2023-07-01,0.07,0.07,0.07,0.07,1480878387.0,1480878387.0,0.0
2023-07-02,0.07,0.07,0.07,0.07,945225786.0,945225786.0,0.0
2023-07-03,0.07,0.07,0.07,0.07,566630919.0,566630919.0,0.0
2023-07-04,0.07,0.07,0.07,0.07,1051878193.0,1051878193.0,0.0
2023-07-05,0.07,0.07,0.07,0.07,592363243.0,592363243.0,0.0
2023-07-06,0.07,0.07,0.06,0.06,620315296.0,620315296.0,-0.010000000000000009
2023-07-07,0.06,0.07,0.06,0.07,410024265.0,410024265.0,0.010000000000000009
2023-07-08,0.07,0.07,0.06,0.07,278674788.0,278674788.0,0.0
2023-07-09,0.07,0.07,0.07,0.07,279080489.0,279080489.0,0.0
2023-07-10,0.07,0.07,0.06,0.07,616363367.0,616363367.0,0.0
2023-07-11,0.07,0.07,0.06,0.07,313014382.0,313014382.0,0.0
2023-07-12,0.07,0.07,0.06,0.07,312404127.0,312404127.0,0.0
2023-07-13,0.07,0.07,0.06,0.07,1572353798.0,1572353798.0,0.0
2023-07-14,0.07,0.07,0.07,0.07,1501930500.0,1501930500.0,0.0
2023-07-15,0.07,0.08,0.07,0.07,2333412778.0,2333412778.0,0.0
2023-07-16,0.07,0.07,0.07,0.07,930666895.0,930666895.0,0.0
2023-07-17,0.07,0.07,0.07,0.07,1103083153.0,1103083153.0,0.0
2023-07-18,0.07,0.07,0.07,0.07,588900425.0,588900425.0,0.0
2023-07-19,0.07,0.07,0.07,0.07,941079033.0,941079033.0,0.0
2023-07-20,0.07,0.07,0.07,0.07,1394548088.0,1394548088.0,0.0
2023-07-21,0.07,0.08,0.07,0.07,1714323052.0,1714323052.0,0.0
2023-07-22,0.07,0.07,0.07,0.07,817196460.0,817196460.0,0.0
2023-07-23,0.07,0.07,0.07,0.07,636160266.0,636160266.0,0.0
2023-07-24,0.07,0.08,0.07,0.07,3734795178.0,3734795178.0,0.0
2023-07-25,0.07,0.08,0.07,0.08,3974103246.0,3974103246.0,0.009999999999999995
2023-07-26,0.08,0.08,0.08,0.08,2421416701.0,2421416701.0,0.0
2023-07-27,0.08,0.08,0.08,0.08,1390657420.0,1390657420.0,0.0
2023-07-28,0.08,0.08,0.08,0.08,845464658.0,845464658.0,0.0
2023-07-29,0.08,0.08,0.08,0.08,1189212485.0,1189212485.0,0.0
2023-07-30,0.08,0.08,0.08,0.08,1058535152.0,1058535152.0,0.0
2023-07-31,0.08,0.08,0.08,0.08,845233630.0,845233630.0,0.0
2023-08-01,0.08,0.08,0.08,0.08,873111968.0,873111968.0,0.0
2023-08-02,0.08,0.08,0.07,0.07,804142710.0,804142710.0,-0.009999999999999995
2023-08-03,0.07,0.08,0.07,0.07,693788058.0,693788058.0,0.0
2023-08-04,0.07,0.07,0.07,0.07,610889682.0,610889682.0,0.0
2023-08-05,0.07,0.08,0.07,0.08,1062980193.0,1062980193.0,0.009999999999999995
2023-08-06,0.08,0.08,0.07,0.07,667225173.0,667225173.0,-0.009999999999999995
2023-08-07,0.07,0.08,0.07,0.07,686024165.0,686024165.0,0.0
2023-08-08,0.07,0.08,0.07,0.07,573574471.0,573574471.0,0.0
2023-08-09,0.07,0.08,0.07,0.08,494836584.0,494836584.0,0.009999999999999995
2023-08-10,0.08,0.08,0.08,0.08,614532410.0,614532410.0,0.0
2023-08-11,0.08,0.08,0.07,0.08,303787779.0,303787779.0,0.0
2023-08-12,0.08,0.08,0.08,0.08,588060644.0,588060644.0,0.0
2023-08-13,0.08,0.08,0.07,0.07,468528019.0,468528019.0,-0.009999999999999995
2023-08-14,0.07,0.08,0.07,0.07,779632649.0,779632649.0,0.0
2023-08-15,0.07,0.07,0.07,0.07,1006789294.0,1006789294.0,0.0
2023-08-16,0.07,0.07,0.07,0.07,1176873403.0,1176873403.0,0.0
2023-08-17,0.07,0.07,0.06,0.06,1947998543.0,1947998543.0,-0.010000000000000009
2023-08-18,0.06,0.06,0.06,0.06,1284697455.0,1284697455.0,0.0
2023-08-19,0.06,0.06,0.06,0.06,427274791.0,427274791.0,0.0
2023-08-20,0.06,0.06,0.06,0.06,302086371.0,302086371.0,0.0
2023-08-21,0.06,0.06,0.06,0.06,577388884.0,577388884.0,0.0
2023-08-22,0.06,0.06,0.06,0.06,615086529.0,615086529.0,0.0
2023-08-23,0.06,0.07,0.06,0.06,663722826.0,663722826.0,0.0
2023-08-24,0.06,0.06,0.06,0.06,386270949.0,386270949.0,0.0
2023-08-25,0.06,0.06,0.06,0.06,388436589.0,388436589.0,0.0
2023-08-26,0.06,0.06,0.06,0.06,133469006.0,133469006.0,0.0
2023-08-27,0.06,0.06,0.06,0.06,195920692.0,195920692.0,0.0
2023-08-28,0.06,0.06,0.06,0.06,347134881.0,347134881.0,0.0
2023-08-29,0.06,0.07,0.06,0.07,1205214048.0,1205214048.0,0.010000000000000009
2023-08-30,0.07,0.07,0.06,0.07,652816294.0,652816294.0,0.0
2023-08-31,0.07,0.07,0.06,0.06,987255423.0,987255423.0,-0.010000000000000009
2023-09-01,0.06,0.06,0.06,0.06,594834321.0,594834321.0,0.0
2023-09-02,0.06,0.06,0.06,0.06,445474474.0,445474474.0,0.0
2023-09-03,0.06,0.06,0.06,0.06,221836401.0,221836401.0,0.0
2023-09-04,0.06,0.06,0.06,0.06,414229595.0,414229595.0,0.0
2023-09-05,0.06,0.06,0.06,0.06,613206067.0,613206067.0,0.0
2023-09-06,0.06,0.06,0.06,0.06,638467834.0,638467834.0,0.0
2023-09-07,0.06,0.06,0.06,0.06,418433542.0,418433542.0,0.0
2023-09-08,0.06,0.06,0.06,0.06,364461321.0,364461321.0,0.0
2023-09-09,0.06,0.06,0.06,0.06,196653596.0,196653596.0,0.0
2023-09-10,0.06,0.06,0.06,0.06,741903006.0,741903006.0,0.0
2023-09-11,0.06,0.06,0.06,0.06,815364934.0,815364934.0,0.0
2023-09-12,0.06,0.06,0.06,0.06,590184825.0,590184825.0,0.0
2023-09-13,0.06,0.06,0.06,0.06,502274759.0,502274759.0,0.0
2023-09-14,0.06,0.06,0.06,0.06,475512544.0,475512544.0,0.0
2023-09-15,0.06,0.06,0.06,0.06,305546937.0,305546937.0,0.0
2023-09-16,0.06,0.06,0.06,0.06,255280771.0,255280771.0,0.0
2023-09-17,0.06,0.06,0.06,0.06,383318697.0,383318697.0,0.0
2023-09-18,0.06,0.06,0.06,0.06,477979505.0,477979505.0,0.0
2023-09-19,0.06,0.06,0.06,0.06,428581236.0,428581236.0,0.0
2023-09-20,0.06,0.06,0.06,0.06,351126474.0,351126474.0,0.0
2023-09-21,0.06,0.06,0.06,0.06,461733879.0,461733879.0,0.0
2023-09-22,0.06,0.06,0.06,0.06,243141704.0,243141704.0,0.0
2023-09-23,0.06,0.06,0.06,0.06,171390790.0,171390790.0,0.0
2023-09-24,0.06,0.06,0.06,0.06,187668551.0,187668551.0,0.0
2023-09-25,0.06,0.06,0.06,0.06,185313210.0,185313210.0,0.0
2023-09-26,0.06,0.06,0.06,0.06,247803396.0,247803396.0,0.0
2023-09-27,0.06,0.06,0.06,0.06,322389750.0,322389750.0,0.0
2023-09-28,0.06,0.06,0.06,0.06,330092922.0,330092922.0,0.0
2023-09-29,0.06,0.06,0.06,0.06,388098719.0,388098719.0,0.0
2023-09-30,0.06,0.06,0.06,0.06,353992527.0,353992527.0,0.0
2023-10-01,0.06,0.06,0.06,0.06,426685075.0,426685075.0,0.0
2023-10-02,0.06,0.06,0.06,0.06,626702154.0,626702154.0,0.0
2023-10-03,0.06,0.06,0.06,0.06,285220585.0,285220585.0,0.0
2023-10-04,0.06,0.06,0.06,0.06,335531290.0,335531290.0,0.0
2023-10-05,0.06,0.06,0.06,0.06,252901933.0,252901933.0,0.0
2023-10-06,0.06,0.06,0.06,0.06,299784369.0,299784369.0,0.0
2023-10-07,0.06,0.06,0.06,0.06,279174721.0,279174721.0,0.0
2023-10-08,0.06,0.06,0.06,0.06,202221066.0,202221066.0,0.0
2023-10-09,0.06,0.06,0.06,0.06,806444033.0,806444033.0,0.0
2023-10-10,0.06,0.06,0.06,0.06,254040040.0,254040040.0,0.0
2023-10-11,0.06,0.06,0.06,0.06,356464937.0,356464937.0,0.0
2023-10-12,0.06,0.06,0.06,0.06,241613425.0,241613425.0,0.0
2023-10-13,0.06,0.06,0.06,0.06,340601297.0,340601297.0,0.0
2023-10-14,0.06,0.06,0.06,0.06,258485303.0,258485303.0,0.0
2023-10-15,0.06,0.06,0.06,0.06,187751427.0,187751427.0,0.0
2023-10-16,0.06,0.06,0.06,0.06,685936360.0,685936360.0,0.0
2023-10-17,0.06,0.06,0.06,0.06,328504417.0,328504417.0,0.0
2023-10-18,0.06,0.06,0.06,0.06,259892423.0,259892423.0,0.0
2023-10-19,0.06,0.06,0.06,0.06,268646752.0,268646752.0,0.0
2023-10-20,0.06,0.06,0.06,0.06,380263308.0,380263308.0,0.0
2023-10-21,0.06,0.06,0.06,0.06,419977032.0,419977032.0,0.0
2023-10-22,0.06,0.06,0.06,0.06,431537666.0,431537666.0,0.0
2023-10-23,0.06,0.07,0.06,0.07,1809514093.0,1809514093.0,0.010000000000000009
2023-10-24,0.07,0.07,0.06,0.07,1893961402.0,1893961402.0,0.0
2023-10-25,0.07,0.07,0.06,0.07,1473029982.0,1473029982.0,0.0
2023-10-26,0.07,0.08,0.07,0.07,3074465230.0,3074465230.0,0.0
2023-10-27,0.07,0.07,0.07,0.07,1256624746.0,1256624746.0,0.0
2023-10-28,0.07,0.07,0.07,0.07,643644405.0,643644405.0,0.0
2023-10-29,0.07,0.07,0.07,0.07,485266012.0,485266012.0,0.0
2023-10-30,0.07,0.07,0.07,0.07,739649062.0,739649062.0,0.0
2023-10-31,0.07,0.07,0.07,0.07,1281215492.0,1281215492.0,0.0
2023-11-01,0.07,0.07,0.07,0.07,1322729238.0,1322729238.0,0.0
2023-11-02,0.07,0.07,0.07,0.07,1597197975.0,1597197975.0,0.0
2023-11-03,0.07,0.07,0.07,0.07,793772413.0,793772413.0,0.0
2023-11-04,0.07,0.07,0.07,0.07,544148824.0,544148824.0,0.0
2023-11-05,0.07,0.07,0.07,0.07,1366786320.0,1366786320.0,0.0
2023-11-06,0.07,0.08,0.07,0.08,1891295555.0,1891295555.0,0.009999999999999995
2023-11-07,0.08,0.08,0.07,0.07,2426713501.0,2426713501.0,-0.009999999999999995
2023-11-08,0.07,0.08,0.07,0.08,1394687206.0,1394687206.0,0.009999999999999995
2023-11-09,0.08,0.08,0.07,0.07,2758797891.0,2758797891.0,-0.009999999999999995
2023-11-10,0.07,0.08,0.07,0.08,1754786161.0,1754786161.0,0.009999999999999995
2023-11-11,0.08,0.08,0.07,0.08,3940449595.0,3940449595.0,0.0
2023-11-12,0.08,0.08,0.08,0.08,2187569963.0,2187569963.0,0.0
2023-11-13,0.08,0.08,0.07,0.07,2695984716.0,2695984716.0,-0.009999999999999995
2023-11-14,0.07,0.08,0.07,0.07,2213664109.0,2213664109.0,0.0
2023-11-15,0.07,0.08,0.07,0.08,1242373327.0,1242373327.0,0.009999999999999995
2023-11-16,0.08,0.08,0.08,0.08,4624288827.0,4624288827.0,0.0
2023-11-17,0.08,0.09,0.08,0.09,5715620063.0,5715620063.0,0.009999999999999995
2023-11-18,0.09,0.09,0.08,0.08,3816113600.0,3816113600.0,-0.009999999999999995
2023-11-19,0.08,0.08,0.08,0.08,1736599079.0,1736599079.0,0.0
2023-11-20,0.08,0.08,0.08,0.08,1894821627.0,1894821627.0,0.0
2023-11-21,0.08,0.08,0.07,0.07,2807234921.0,2807234921.0,-0.009999999999999995
2023-11-22,0.07,0.08,0.07,0.08,1119488422.0,1119488422.0,0.009999999999999995
2023-11-23,0.08,0.08,0.07,0.08,613659850.0,613659850.0,0.0
2023-11-24,0.08,0.08,0.08,0.08,883650952.0,883650952.0,0.0
2023-11-25,0.08,0.08,0.08,0.08,651722335.0,651722335.0,0.0
2023-11-26,0.08,0.08,0.08,0.08,785924906.0,785924906.0,0.0
2023-11-27,0.08,0.08,0.08,0.08,2139460195.0,2139460195.0,0.0
2023-11-28,0.08,0.08,0.08,0.08,1710141271.0,1710141271.0,0.0
2023-11-29,0.08,0.08,0.08,0.08,1518465698.0,1518465698.0,0.0
2023-11-30,0.08,0.08,0.08,0.08,1474563719.0,1474563719.0,0.0
2023-12-01,0.08,0.09,0.08,0.08,1075587047.0,1075587047.0,0.0
2023-12-02,0.08,0.09,0.08,0.09,1047224679.0,1047224679.0,0.009999999999999995
2023-12-03,0.09,0.09,0.08,0.09,1233031851.0,1233031851.0,0.0
2023-12-04,0.09,0.09,0.09,0.09,2933769955.0,2933769955.0,0.0
2023-12-05,0.09,0.1,0.09,0.09,2544186116.0,2544186116.0,0.0
2023-12-06,0.09,0.11,0.09,0.09,5278501455.0,5278501455.0,0.0
2023-12-07,0.09,0.1,0.09,0.1,2842604920.0,2842604920.0,0.010000000000000009
2023-12-08,0.1,0.1,0.1,0.1,2247014999.0,2247014999.0,0.0
2023-12-09,0.1,0.11,0.1,0.1,2400778713.0,2400778713.0,0.0
2023-12-10,0.1,0.1,0.1,0.1,1337401762.0,1337401762.0,0.0
2023-12-11,0.1,0.11,0.09,0.09,3926452012.0,3926452012.0,-0.010000000000000009
2023-12-12,0.09,0.1,0.09,0.09,2003591978.0,2003591978.0,0.0
2023-12-13,0.09,0.1,0.09,0.1,1654708893.0,1654708893.0,0.010000000000000009
2023-12-14,0.1,0.1,0.09,0.1,1405821668.0,1405821668.0,0.0
2023-12-15,0.1,0.1,0.09,0.09,1313568767.0,1313568767.0,-0.010000000000000009
2023-12-16,0.09,0.1,0.09,0.1,1016225212.0,1016225212.0,0.010000000000000009
2023-12-17,0.1,0.1,0.09,0.09,986491713.0,986491713.0,-0.010000000000000009
2023-12-18,0.09,0.09,0.09,0.09,1479114802.0,1479114802.0,0.0
2023-12-19,0.09,0.09,0.09,0.09,884237508.0,884237508.0,0.0
2023-12-20,0.09,0.09,0.09,0.09,1223678648.0,1223678648.0,0.0
2023-12-21,0.09,0.1,0.09,0.09,1726958198.0,1726958198.0,0.0
2023-12-22,0.1,0.1,0.09,0.09,1258416466.0,1258416466.0,-0.010000000000000009
2023-12-23,0.09,0.1,0.09,0.09,649710275.0,649710275.0,0.0
2023-12-24,0.09,0.09,0.09,0.09,1078125456.0,1078125456.0,0.0
2023-12-25,0.09,0.1,0.09,0.09,794322702.0,794322702.0,0.0
2023-12-26,0.09,0.09,0.09,0.09,1045263091.0,1045263091.0,0.0
2023-12-27,0.09,0.09,0.09,0.09,697904313.0,697904313.0,0.0
2023-12-28,0.09,0.09,0.09,0.09,896005552.0,896005552.0,0.0
2023-12-29,0.09,0.09,0.09,0.09,676368690.0,676368690.0,0.0
2023-12-30,0.09,0.09,0.09,0.09,348435520.0,348435520.0,0.0
2023-12-31,0.09,0.09,0.09,0.09,385427628.0,385427628.0,0.0
2024-01-01,0.09,0.09,0.09,0.09,506560988.0,506560988.0,0.0
2024-01-02,0.09,0.09,0.09,0.09,881934936.0,881934936.0,0.0
2024-01-03,0.09,0.09,0.07,0.08,1959750401.0,1959750401.0,-0.009999999999999995
2024-01-04,0.08,0.08,0.08,0.08,1144911613.0,1144911613.0,0.0
2024-01-05,0.08,0.08,0.08,0.08,1109914047.0,1109914047.0,0.0
2024-01-06,0.08,0.08,0.08,0.08,979471694.0,979471694.0,0.0
2024-01-07,0.08,0.08,0.08,0.08,927733107.0,927733107.0,0.0
2024-01-08,0.08,0.08,0.07,0.08,1392075761.0,1392075761.0,0.0
2024-01-09,0.08,0.08,0.08,0.08,2205553399.0,2205553399.0,0.0
2024-01-10,0.08,0.09,0.08,0.08,1240032433.0,1240032433.0,0.0
2024-01-11,0.08,0.09,0.08,0.08,1520441570.0,1520441570.0,0.0
2024-01-12,0.08,0.09,0.08,0.08,1117173897.0,1117173897.0,0.0
2024-01-13,0.08,0.08,0.08,0.08,451114051.0,451114051.0,0.0
2024-01-14,0.08,0.08,0.08,0.08,923333159.0,923333159.0,0.0
2024-01-15,0.08,0.08,0.08,0.08,423589779.0,423589779.0,0.0
2024-01-16,0.08,0.08,0.08,0.08,582449257.0,582449257.0,0.0
2024-01-17,0.08,0.08,0.08,0.08,478700611.0,478700611.0,0.0
2024-01-18,0.08,0.08,0.08,0.08,621337144.0,621337144.0,0.0
2024-01-19,0.08,0.08,0.07,0.08,766708753.0,766708753.0,0.0
2024-01-20,0.08,0.09,0.08,0.09,1655077344.0,1655077344.0,0.009999999999999995
2024-01-21,0.09,0.09,0.08,0.09,2294800965.0,2294800965.0,0.0
2024-01-22,0.09,0.09,0.08,0.08,1591848689.0,1591848689.0,-0.009999999999999995
2024-01-23,0.08,0.08,0.08,0.08,1285716152.0,1285716152.0,0.0
2024-01-24,0.08,0.08,0.08,0.08,688387053.0,688387053.0,0.0
2024-01-25,0.08,0.08,0.08,0.08,487927595.0,487927595.0,0.0
2024-01-26,0.08,0.08,0.08,0.08,438354293.0,438354293.0,0.0
2024-01-27,0.08,0.08,0.08,0.08,330227896.0,330227896.0,0.0
2024-01-28,0.08,0.08,0.08,0.08,405942847.0,405942847.0,0.0
2024-01-29,0.08,0.08,0.08,0.08,1259643662.0,1259643662.0,0.0
2024-01-30,0.08,0.08,0.08,0.08,609381172.0,609381172.0,0.0
2024-01-31,0.08,0.08,0.08,0.08,492930215.0,492930215.0,0.0
2024-02-01,0.08,0.08,0.08,0.08,423161080.0,423161080.0,0.0
2024-02-02,0.08,0.08,0.08,0.08,338158394.0,338158394.0,0.0
2024-02-03,0.08,0.08,0.08,0.08,181709999.0,181709999.0,0.0
2024-02-04,0.08,0.08,0.08,0.08,263166434.0,263166434.0,0.0
2024-02-05,0.08,0.08,0.08,0.08,432182668.0,432182668.0,0.0
2024-02-06,0.08,0.08,0.08,0.08,294603685.0,294603685.0,0.0
2024-02-07,0.08,0.08,0.08,0.08,389072392.0,389072392.0,0.0
2024-02-08,0.08,0.08,0.08,0.08,447795104.0,447795104.0,0.0
2024-02-09,0.08,0.08,0.08,0.08,665001847.0,665001847.0,0.0
2024-02-10,0.08,0.08,0.08,0.08,367774924.0,367774924.0,0.0
2024-02-11,0.08,0.08,0.08,0.08,639653927.0,639653927.0,0.0
2024-02-12,0.08,0.08,0.08,0.08,797306560.0,797306560.0,0.0
2024-02-13,0.08,0.08,0.08,0.08,738029583.0,738029583.0,0.0
2024-02-14,0.08,0.09,0.08,0.09,1497064357.0,1497064357.0,0.009999999999999995
2024-02-15,0.09,0.09,0.08,0.09,1428000130.0,1428000130.0,0.0
2024-02-16,0.09,0.09,0.08,0.09,807216742.0,807216742.0,0.0
2024-02-17,0.09,0.09,0.08,0.08,647757981.0,647757981.0,-0.009999999999999995
2024-02-18,0.08,0.09,0.08,0.09,526443268.0,526443268.0,0.009999999999999995
2024-02-19,0.09,0.09,0.09,0.09,1424055062.0,1424055062.0,0.0
2024-02-20,0.09,0.09,0.08,0.09,1744290957.0,1744290957.0,0.0
2024-02-21,0.09,0.09,0.08,0.08,757871134.0,757871134.0,-0.009999999999999995
2024-02-22,0.08,0.09,0.08,0.08,645334349.0,645334349.0,0.0
2024-02-23,0.08,0.09,0.08,0.08,791686167.0,791686167.0,0.0
2024-02-24,0.08,0.09,0.08,0.09,657921980.0,657921980.0,0.009999999999999995
2024-02-25,0.09,0.09,0.09,0.09,493056846.0,493056846.0,0.0
2024-02-26,0.09,0.09,0.08,0.09,1088385979.0,1088385979.0,0.0
2024-02-27,0.09,0.1,0.09,0.1,4473045916.0,4473045916.0,0.010000000000000009
2024-02-28,0.1,0.12,0.09,0.12,8260903846.0,8260903846.0,0.01999999999999999
2024-02-29,0.12,0.14,0.11,0.12,8825589402.0,8825589402.0,0.0
2024-03-01,0.12,0.15,0.12,0.14,6695199430.0,6695199430.0,0.020000000000000018
2024-03-02,0.14,0.15,0.14,0.14,5215907888.0,5215907888.0,0.0
2024-03-03,0.14,0.16,0.12,0.15,6113745846.0,6113745846.0,0.009999999999999981
2024-03-04,0.15,0.19,0.14,0.18,8109722728.0,8109722728.0,0.03
2024-03-05,0.18,0.21,0.13,0.15,12530493898.0,12530493898.0,-0.03
2024-03-06,0.15,0.18,0.15,0.16,5625446879.0,5625446879.0,0.010000000000000009
2024-03-07,0.16,0.16,0.15,0.16,4138356351.0,4138356351.0,0.0
2024-03-08,0.16,0.18,0.15,0.16,4842302475.0,4842302475.0,0.0
2024-03-09,0.16,0.18,0.16,0.18,3903293224.0,3903293224.0,0.01999999999999999
2024-03-10,0.18,0.18,0.17,0.17,2311878295.0,2311878295.0,-0.009999999999999981
2024-03-11,0.17,0.17,0.16,0.17,508575443.0,508575443.0,0.0
