,Opening Price (USD),Highest Price (USD),Lowest Price (USD),Closing Price (USD),5. volume,6. market cap (USD)
2021-06-11,168.18,173.78,160.55,162.83,928611.54,928611.54
2021-06-12,162.84,164.30,154.14,161.80,653167.31,653167.31
2021-06-13,161.81,171.59,156.42,170.85,573493.91,573493.91
2021-06-14,170.85,179.99,166.34,179.89,802051.96,802051.96
2021-06-15,179.88,181.20,172.15,175.15,654352.05,654352.05
2021-06-16,175.16,177.31,164.23,166.57,761479.45,761479.45
2021-06-17,166.56,173.40,162.81,167.08,559434.62,559434.62
2021-06-18,167.13,167.43,151.20,156.34,800699.30,800699.30
2021-06-19,156.33,160.88,152.31,152.49,523073.02,523073.02
2021-06-20,152.51,156.18,143.75,154.88,611253.38,611253.38
2021-06-21,154.87,155.50,123.91,124.46,1492819.38,1492819.38
2021-06-22,124.38,133.03,104.92,119.64,2255757.11,2255757.11
2021-06-23,119.69,133.75,115.49,129.10,1020444.64,1020444.64
2021-06-24,129.13,137.36,123.71,134.58,660335.54,660335.54
2021-06-25,134.59,138.45,124.31,125.00,764515.34,764515.34
2021-06-26,125.03,129.44,118.67,126.89,871924.09,871924.09
2021-06-27,126.81,132.67,124.66,132.60,573388.25,573388.25
2021-06-28,132.57,139.55,129.89,137.69,703645.47,703645.47
2021-06-29,137.68,149.18,137.24,144.20,898148.70,898148.70
2021-06-30,144.23,146.94,136.01,144.26,629619.42,629619.42
2021-07-01,144.31,144.31,133.99,137.02,539535.30,539535.30
2021-07-02,137.01,138.97,130.60,136.85,467041.15,467041.15
2021-07-03,136.87,141.37,134.57,140.17,351451.50,351451.50
2021-07-04,140.19,148.10,136.88,144.95,443949.92,443949.92
2021-07-05,144.96,145.03,133.84,137.71,561680.85,561680.85
2021-07-06,137.76,142.73,135.60,138.87,530800.53,530800.53
2021-07-07,138.86,142.93,136.87,137.41,520913.20,520913.20
2021-07-08,137.38,137.74,127.77,132.15,645442.57,645442.57
2021-07-09,132.11,135.85,126.00,134.58,527547.82,527547.82
2021-07-10,134.54,136.82,130.32,133.99,365844.87,365844.87
2021-07-11,133.99,136.48,132.08,134.28,324968.57,324968.57
2021-07-12,134.28,139.75,131.82,133.38,670917.62,670917.62
2021-07-13,133.32,134.61,129.35,131.44,454856.67,454856.67
2021-07-14,131.45,132.42,123.59,131.07,538916.44,538916.44
2021-07-15,131.06,133.13,121.93,125.86,494375.72,494375.72
2021-07-16,125.88,127.87,120.38,120.65,422183.02,422183.02
2021-07-17,120.66,122.92,117.68,119.95,425298.69,425298.69
2021-07-18,120.00,124.05,116.23,119.17,430985.21,430985.21
2021-07-19,119.16,120.75,111.82,113.13,493082.96,493082.96
2021-07-20,113.14,115.09,103.83,107.29,766236.25,766236.25
2021-07-21,107.31,119.24,105.05,117.74,682039.47,682039.47
2021-07-22,117.77,122.00,115.61,120.67,464759.47,464759.47
2021-07-23,120.69,124.78,117.02,124.24,404160.07,404160.07
2021-07-24,124.27,127.70,123.29,125.99,432891.78,432891.78
2021-07-25,126.00,127.99,123.51,127.68,392963.87,392963.87
2021-07-26,127.64,140.47,126.85,131.06,1052092.77,1052092.77
2021-07-27,131.06,135.12,127.27,134.74,607384.02,607384.02
2021-07-28,134.73,142.00,132.39,140.42,729936.13,729936.13
2021-07-29,140.48,143.00,136.55,141.44,542641.00,542641.00
2021-07-30,141.44,145.88,135.86,145.51,605847.24,605847.24
2021-07-31,145.51,146.60,141.83,144.37,388737.62,388737.62
2021-08-01,144.35,149.78,138.04,140.31,584699.77,584699.77
2021-08-02,140.31,145.93,138.76,141.35,419849.68,419849.68
2021-08-03,141.32,143.24,135.60,138.49,402821.08,402821.08
2021-08-04,138.49,144.50,135.54,142.57,486488.33,486488.33
2021-08-05,142.57,145.19,136.12,143.53,615027.39,615027.39
2021-08-06,143.51,150.90,141.73,147.95,685973.68,685973.68
2021-08-07,147.93,156.39,147.06,155.92,878574.54,878574.54
2021-08-08,155.92,157.63,147.00,149.69,700140.24,700140.24
2021-08-09,149.69,170.78,145.15,166.31,1165618.32,1165618.32
2021-08-10,166.27,168.28,158.79,165.38,894686.74,894686.74
2021-08-11,165.38,176.07,164.23,170.60,914647.02,914647.02
2021-08-12,170.57,179.74,160.77,165.38,987267.21,987267.21
2021-08-13,165.41,184.57,164.00,183.31,1122682.77,1122682.77
2021-08-14,183.32,185.11,174.62,182.76,944596.30,944596.30
2021-08-15,182.78,186.55,175.18,184.60,948648.91,948648.91
2021-08-16,184.59,189.03,176.35,177.93,898330.42,898330.42
2021-08-17,177.96,184.38,168.01,168.61,781038.75,781038.75
2021-08-18,168.60,174.54,162.92,166.65,694819.54,694819.54
2021-08-19,166.64,175.82,162.66,175.59,682216.29,682216.29
2021-08-20,175.57,184.11,174.11,183.59,708140.15,708140.15
2021-08-21,183.59,184.48,176.52,179.63,644225.30,644225.30
2021-08-22,179.57,189.60,178.38,185.91,935874.98,935874.98
2021-08-23,185.85,191.94,183.61,187.01,877311.28,877311.28
2021-08-24,186.98,188.64,172.25,173.42,780692.69,780692.69
2021-08-25,173.39,179.00,169.06,177.75,617983.08,617983.08
2021-08-26,177.76,180.18,164.90,167.70,568905.75,568905.75
2021-08-27,167.70,176.35,165.00,176.20,456121.03,456121.03
2021-08-28,176.20,177.10,171.30,175.60,316185.27,316185.27
2021-08-29,175.70,182.60,173.10,174.30,547343.59,547343.59
2021-08-30,174.40,176.50,166.50,167.30,468119.40,468119.40
2021-08-31,167.40,175.40,165.60,171.50,553621.01,553621.01
2021-09-01,171.60,182.80,168.50,180.90,692302.29,692302.29
2021-09-02,180.90,187.90,179.40,183.30,683639.85,683639.85
2021-09-03,183.40,217.70,179.80,212.90,2071663.63,2071663.63
2021-09-04,212.90,225.20,208.40,211.90,1448417.53,1448417.53
2021-09-05,212.00,232.56,210.50,232.20,1007949.98,1007949.98
2021-09-06,232.20,232.30,214.80,219.40,1001710.49,1001710.49
2021-09-07,219.40,221.90,162.10,178.50,2026882.59,2026882.59
2021-09-08,178.40,189.00,169.30,179.70,1419232.64,1419232.64
2021-09-09,179.70,188.60,176.50,180.50,896655.72,896655.72
2021-09-10,180.50,187.40,170.70,174.10,721100.84,721100.84
2021-09-11,174.10,186.20,173.40,178.60,551963.07,551963.07
2021-09-12,178.60,186.20,175.10,183.00,564714.70,564714.70
2021-09-13,183.10,240.00,170.70,179.40,5437062.67,5437062.67
2021-09-14,179.40,189.00,176.10,183.10,1091280.00,1091280.00
2021-09-15,183.00,192.10,179.60,189.00,745508.06,745508.06
2021-09-16,189.10,195.40,181.50,185.20,935286.23,935286.23
2021-09-17,185.20,190.50,177.50,180.00,566767.07,566767.07
2021-09-18,180.00,185.80,177.90,181.40,372409.22,372409.22
2021-09-19,181.30,181.70,172.50,175.60,364865.78,364865.78
2021-09-20,175.60,176.00,153.30,157.20,1300459.68,1300459.68
2021-09-21,157.20,162.30,144.70,148.50,988169.63,988169.63
2021-09-22,148.60,161.80,145.30,161.40,822665.57,822665.57
2021-09-23,161.40,165.00,157.10,163.90,559513.52,559513.52
2021-09-24,163.90,166.60,141.60,152.10,1236046.28,1236046.28
2021-09-25,152.00,155.90,148.80,151.00,622457.08,622457.08
2021-09-26,150.90,153.40,141.90,150.70,837958.06,837958.06
2021-09-27,150.70,154.90,144.80,145.00,463173.19,463173.19
2021-09-28,145.00,149.00,140.00,140.60,551914.77,551914.77
2021-09-29,140.50,150.40,139.70,144.70,505249.16,505249.16
2021-09-30,144.80,154.50,143.90,153.30,505878.24,505878.24
2021-10-01,153.20,168.10,151.10,166.20,701432.92,701432.92
2021-10-02,166.10,172.80,164.40,168.90,427845.77,427845.77
2021-10-03,168.90,175.00,165.70,170.50,437060.79,437060.79
2021-10-04,170.50,170.90,161.30,167.50,586624.93,586624.93
2021-10-05,167.50,175.40,166.60,173.80,622714.61,622714.61
2021-10-06,173.70,183.00,163.80,178.50,967921.40,967921.40
2021-10-07,178.50,187.00,173.40,178.60,866672.45,866672.45
2021-10-08,178.60,183.40,174.40,175.90,697493.03,697493.03
2021-10-09,175.90,182.90,174.40,179.90,445979.89,445979.89
2021-10-10,179.90,184.00,174.00,174.80,559785.15,559785.15
2021-10-11,174.80,185.40,172.00,179.10,679614.99,679614.99
2021-10-12,179.20,179.20,166.30,172.60,708173.90,708173.90
2021-10-13,172.60,179.70,167.60,177.60,657952.56,657952.56
2021-10-14,177.70,186.70,176.90,181.30,746399.18,746399.18
2021-10-15,181.30,193.00,176.40,189.60,1143344.44,1143344.44
2021-10-16,189.70,192.60,185.00,186.00,576811.60,576811.60
2021-10-17,186.00,188.10,176.40,183.70,475002.96,475002.96
2021-10-18,183.80,187.60,178.50,185.60,591931.08,591931.08
2021-10-19,185.50,191.60,183.10,188.80,598824.69,598824.69
2021-10-20,188.80,209.40,185.60,207.30,1121684.82,1121684.82
2021-10-21,207.40,214.70,195.20,196.80,1129324.24,1129324.24
2021-10-22,196.80,201.50,187.90,191.00,731846.10,731846.10
2021-10-23,191.00,198.00,188.70,196.30,413109.66,413109.66
2021-10-24,196.30,199.90,185.20,190.40,568204.06,568204.06
2021-10-25,190.40,197.40,189.60,195.50,435121.82,435121.82
2021-10-26,195.50,199.40,190.30,197.60,571152.66,571152.66
2021-10-27,197.50,205.00,171.10,179.30,1380721.93,1380721.93
2021-10-28,179.20,194.50,177.60,189.80,722390.73,722390.73
2021-10-29,189.80,198.70,188.10,196.70,581094.60,581094.60
2021-10-30,196.70,197.30,186.60,190.20,415371.62,415371.62
2021-10-31,190.20,195.20,186.70,191.90,514684.88,514684.88
2021-11-01,191.90,201.20,187.80,197.60,656176.59,656176.59
2021-11-02,197.60,204.90,195.10,200.90,589454.74,589454.74
2021-11-03,200.90,209.30,197.40,207.30,839855.94,839855.94
2021-11-04,207.30,207.30,196.10,202.60,592543.49,592543.49
2021-11-05,202.60,203.30,196.70,198.90,454701.03,454701.03
2021-11-06,198.90,201.10,191.00,197.60,420636.05,420636.05
2021-11-07,197.60,202.10,196.90,202.00,351383.08,351383.08
2021-11-08,202.10,229.70,202.00,229.00,1380080.25,1380080.25
2021-11-09,229.00,274.60,226.50,262.00,3256268.81,3256268.81
2021-11-10,262.00,295.70,251.60,260.40,3733558.86,3733558.86
2021-11-11,260.30,274.20,250.50,262.30,1666490.11,1666490.11
2021-11-12,262.20,282.70,243.70,251.20,2414623.35,2414623.35
2021-11-13,251.10,264.20,245.20,257.70,1167201.21,1167201.21
2021-11-14,257.70,279.70,248.40,279.30,1358748.00,1358748.00
2021-11-15,279.30,281.50,259.00,263.00,1155933.61,1155933.61
2021-11-16,263.00,263.30,222.50,230.20,2396155.13,2396155.13
2021-11-17,230.40,235.40,217.60,229.60,1422751.18,1422751.18
2021-11-18,229.60,232.40,199.40,204.20,1689641.57,1689641.57
2021-11-19,204.10,221.30,199.50,217.90,1040819.80,1040819.80
2021-11-20,217.90,227.80,212.40,226.80,841347.75,841347.75
2021-11-21,226.80,230.80,219.60,221.10,698329.31,698329.31
2021-11-22,221.20,221.70,205.20,209.10,865031.63,865031.63
2021-11-23,209.10,218.80,205.10,216.20,709895.65,709895.65
2021-11-24,216.20,217.70,205.90,212.20,586526.86,586526.86
2021-11-25,212.20,229.80,210.70,222.90,892094.61,892094.61
2021-11-26,223.00,224.90,190.00,195.70,1536691.46,1536691.46
2021-11-27,195.70,201.00,190.60,195.10,524367.98,524367.98
2021-11-28,195.00,199.90,182.00,199.50,723846.34,723846.34
2021-11-29,199.50,209.50,194.90,205.50,810923.69,810923.69
2021-11-30,205.50,219.90,197.40,207.80,1032919.46,1032919.46
2021-12-01,207.80,217.80,205.10,208.80,674057.31,674057.31
2021-12-02,208.70,210.10,199.90,203.50,562121.73,562121.73
2021-12-03,203.50,208.10,179.30,188.00,825086.40,825086.40
2021-12-04,188.00,189.30,129.30,162.70,2758066.77,2758066.77
2021-12-05,162.70,165.00,148.00,156.30,1075867.60,1075867.60
2021-12-06,156.30,164.50,141.30,161.30,1097434.11,1097434.11
2021-12-07,161.30,165.80,158.20,161.80,672241.01,672241.01
2021-12-08,161.80,170.30,155.80,165.10,890527.25,890527.25
2021-12-09,165.20,167.10,151.10,151.30,648228.98,648228.98
2021-12-10,151.40,159.80,147.50,148.30,704610.43,704610.43
2021-12-11,148.40,159.50,145.70,158.00,558649.68,558649.68
2021-12-12,158.00,162.90,153.20,159.00,382460.67,382460.67
2021-12-13,158.90,159.90,142.70,144.60,628722.16,628722.16
2021-12-14,144.60,151.90,142.90,150.40,511641.77,511641.77
2021-12-15,150.30,155.00,141.70,153.60,611833.28,611833.28
2021-12-16,153.50,156.70,148.50,148.90,434853.36,434853.36
2021-12-17,148.90,150.30,141.20,144.10,472455.02,472455.02
2021-12-18,144.10,150.30,142.80,148.60,300448.22,300448.22
2021-12-19,148.60,161.10,147.60,153.20,738406.68,738406.68
2021-12-20,153.20,157.40,145.20,152.60,550918.77,550918.77
2021-12-21,152.70,156.40,149.10,154.70,375493.21,375493.21
2021-12-22,154.80,160.20,152.90,155.40,414964.85,414964.85
2021-12-23,155.40,165.20,153.00,163.60,521673.02,521673.02
2021-12-24,163.60,166.80,160.10,161.20,411411.86,411411.86
2021-12-25,161.20,163.60,157.30,157.80,456068.09,456068.09
2021-12-26,157.80,158.40,152.60,155.70,887961.06,887961.06
2021-12-27,155.80,161.30,154.40,155.90,464363.98,464363.98
2021-12-28,155.90,156.00,144.50,145.70,679901.01,679901.01
2021-12-29,145.60,151.00,143.90,145.50,444947.63,444947.63
2021-12-30,145.50,150.00,142.70,148.00,318121.05,318121.05
2021-12-31,147.90,152.70,143.70,146.30,344892.41,344892.41
2022-01-01,146.20,151.00,146.10,150.80,225155.54,225155.54
2022-01-02,150.80,153.40,147.80,151.20,228350.09,228350.09
2022-01-03,151.10,151.20,146.00,148.50,291038.87,291038.87
2022-01-04,148.40,151.70,145.20,146.50,331705.66,331705.66
2022-01-05,146.50,150.00,129.80,135.40,601964.06,601964.06
2022-01-06,135.30,138.10,132.40,135.90,531427.36,531427.36
2022-01-07,135.90,136.50,125.90,131.40,733975.31,733975.31
2022-01-08,131.40,134.80,124.80,129.40,450291.35,450291.35
2022-01-09,129.40,132.60,127.70,130.90,321828.34,321828.34
2022-01-10,130.80,131.50,120.70,126.50,621002.31,621002.31
2022-01-11,126.60,133.50,125.70,131.60,396300.22,396300.22
2022-01-12,131.60,142.30,130.80,141.90,387745.57,387745.57
2022-01-13,142.00,142.40,134.60,136.70,462389.15,462389.15
2022-01-14,136.70,146.70,135.80,144.70,588107.75,588107.75
2022-01-15,144.70,150.70,144.00,147.70,461786.04,461786.04
2022-01-16,147.60,149.00,143.20,146.40,323952.66,323952.66
2022-01-17,146.40,153.90,144.10,151.20,809014.90,809014.90
2022-01-18,151.10,153.40,138.60,141.50,605404.36,605404.36
2022-01-19,141.40,143.00,133.20,136.20,437642.16,437642.16
2022-01-20,136.20,142.90,128.80,129.70,404805.36,404805.36
2022-01-21,129.60,131.10,109.80,114.50,1024703.15,1024703.15
2022-01-22,114.50,117.00,96.30,108.40,1345786.19,1345786.19
2022-01-23,108.40,112.80,105.60,112.30,588082.32,588082.32
2022-01-24,112.30,112.30,97.50,109.50,1098206.52,1098206.52
2022-01-25,109.60,109.90,105.10,107.80,589373.56,589373.56
2022-01-26,107.90,116.50,104.60,106.90,774954.38,774954.38
2022-01-27,107.00,110.00,102.80,106.90,563991.77,563991.77
2022-01-28,106.80,110.00,105.20,109.40,463842.24,463842.24
2022-01-29,109.50,112.40,107.50,110.80,345775.90,345775.90
2022-01-30,110.90,112.20,107.00,108.60,276376.29,276376.29
2022-01-31,108.50,111.30,104.30,109.50,447814.47,447814.47
2022-02-01,109.40,116.90,108.20,115.00,597661.68,597661.68
2022-02-02,115.10,116.00,107.30,108.30,512026.27,512026.27
2022-02-03,108.30,111.10,105.40,111.00,380748.90,380748.90
2022-02-04,110.90,121.50,108.70,121.30,649501.14,649501.14
2022-02-05,121.30,123.80,118.80,121.70,442597.02,442597.02
2022-02-06,121.80,128.00,120.50,127.60,415141.02,415141.02
2022-02-07,127.50,139.90,125.00,137.40,694509.80,694509.80
2022-02-08,137.40,142.90,130.40,133.70,974024.21,974024.21
2022-02-09,133.60,141.00,132.00,140.10,615072.44,615072.44
2022-02-10,140.00,143.80,134.00,134.60,722895.22,722895.22
2022-02-11,134.50,134.80,124.80,125.60,536508.56,536508.56
2022-02-12,125.60,127.60,120.80,126.70,328295.30,328295.30
2022-02-13,126.70,128.90,123.50,125.60,261891.16,261891.16
2022-02-14,125.60,127.00,121.40,124.60,311463.00,311463.00
2022-02-15,124.60,132.60,123.90,131.50,372015.05,372015.05
2022-02-16,131.60,131.80,125.40,127.70,325088.12,325088.12
2022-02-17,127.80,129.00,114.80,116.30,535445.24,535445.24
2022-02-18,116.30,123.60,114.10,114.90,686552.35,686552.35
2022-02-19,114.90,117.20,113.00,115.50,361933.43,361933.43
2022-02-20,115.50,115.80,108.40,110.60,468241.93,468241.93
2022-02-21,110.60,114.50,102.00,102.80,631230.78,631230.78
2022-02-22,102.70,107.90,100.20,107.40,537388.74,537388.74
2022-02-23,107.40,111.50,104.90,105.40,432495.97,432495.97
2022-02-24,105.30,111.00,90.00,104.10,1288797.48,1288797.48
2022-02-25,104.20,110.70,101.50,109.20,604602.88,604602.88
2022-02-26,109.20,115.00,106.60,108.20,456598.44,456598.44
2022-02-27,108.10,110.20,101.10,102.90,417924.63,417924.63
2022-02-28,102.90,113.90,101.20,113.70,574622.74,574622.74
2022-03-01,113.70,116.00,109.40,112.50,601477.27,601477.27
2022-03-02,112.50,114.70,109.10,110.30,513465.22,513465.22
2022-03-03,110.30,113.00,107.90,111.70,638112.36,638112.36
2022-03-04,111.70,112.70,99.00,101.00,635993.79,635993.79
2022-03-05,101.00,105.40,99.40,104.90,298763.80,298763.80
2022-03-06,104.90,106.00,100.60,101.10,312844.28,312844.28
2022-03-07,101.10,103.90,96.20,98.40,518690.84,518690.84
2022-03-08,98.30,102.60,97.80,100.70,489539.23,489539.23
2022-03-09,100.80,109.30,100.40,106.90,548748.76,548748.76
2022-03-10,106.90,107.10,99.50,102.50,544448.85,544448.85
2022-03-11,102.60,107.00,99.60,104.60,462322.47,462322.47
2022-03-12,104.60,108.00,104.50,105.60,273690.90,273690.90
2022-03-13,105.50,107.40,101.00,101.70,267778.85,267778.85
2022-03-14,101.70,106.40,100.80,105.60,461259.96,461259.96
2022-03-15,105.50,108.60,102.40,106.80,455884.75,455884.75
2022-03-16,106.90,112.20,105.60,111.40,627565.50,627565.50
2022-03-17,111.30,111.70,108.50,110.20,315598.57,315598.57
2022-03-18,110.20,113.00,107.70,111.90,362061.81,362061.81
2022-03-19,111.80,117.30,111.40,116.80,455077.80,455077.80
2022-03-20,116.80,118.50,111.30,114.90,456736.03,456736.03
2022-03-21,114.90,116.80,113.10,116.00,414783.62,414783.62
2022-03-22,116.10,123.70,115.60,122.70,613158.77,613158.77
2022-03-23,122.70,124.50,118.50,122.40,404116.58,404116.58
2022-03-24,122.50,127.70,120.00,126.50,494673.52,494673.52
2022-03-25,126.40,127.30,121.50,123.90,388911.11,388911.11
2022-03-26,124.00,125.60,121.90,124.80,222339.52,222339.52
2022-03-27,124.80,129.80,123.20,129.70,360946.11,360946.11
2022-03-28,129.70,132.60,126.70,127.60,485087.18,485087.18
2022-03-29,127.60,132.00,127.00,130.10,402240.89,402240.89
2022-03-30,130.00,134.10,125.80,131.10,469285.08,469285.08
2022-03-31,131.10,132.90,121.10,123.80,925439.98,925439.98
2022-04-01,123.90,126.40,119.10,124.80,459214.20,459214.20
2022-04-02,124.80,128.30,123.50,124.80,446188.67,446188.67
2022-04-03,124.90,129.50,123.60,128.70,304078.02,304078.02
2022-04-04,128.80,128.90,121.20,124.80,459946.59,459946.59
2022-04-05,124.80,127.30,122.50,122.70,266800.71,266800.71
2022-04-06,122.80,123.20,111.40,111.70,609814.45,609814.45
2022-04-07,111.60,115.00,110.10,114.10,302722.60,302722.60
2022-04-08,114.00,115.30,109.60,110.70,361955.50,361955.50
2022-04-09,110.70,113.00,110.00,112.70,192659.63,192659.63
2022-04-10,112.70,114.50,110.00,110.30,201089.86,201089.86
2022-04-11,110.30,110.70,101.80,102.40,440456.85,440456.85
2022-04-12,102.50,105.80,101.70,104.80,298962.75,298962.75
2022-04-13,104.90,110.80,103.90,110.50,389766.95,389766.95
2022-04-14,110.60,112.40,105.90,107.30,323593.49,323593.49
2022-04-15,107.30,112.90,107.00,111.00,303062.03,303062.03
2022-04-16,111.00,114.90,110.10,114.30,256441.82,256441.82
2022-04-17,114.30,115.10,108.20,108.80,275657.86,275657.86
2022-04-18,108.80,111.50,105.20,111.30,433957.58,433957.58
2022-04-19,111.30,114.20,110.60,113.80,267982.50,267982.50
2022-04-20,113.80,114.20,110.70,111.90,317572.87,317572.87
2022-04-21,111.90,114.50,105.40,106.80,374445.22,374445.22
2022-04-22,106.80,108.70,104.70,105.40,307003.59,307003.59
2022-04-23,105.40,107.20,104.40,105.10,151820.20,151820.20
2022-04-24,105.20,105.90,103.50,104.60,188484.10,188484.10
2022-04-25,104.60,104.90,98.30,104.60,464513.11,464513.11
2022-04-26,104.60,105.40,96.30,98.60,370089.57,370089.57
2022-04-27,98.60,102.00,97.70,100.50,295862.61,295862.61
2022-04-28,100.60,105.80,99.70,103.30,543891.39,543891.39
2022-04-29,103.30,104.50,98.40,100.40,394065.39,394065.39
2022-04-30,100.30,101.60,93.50,95.80,343937.91,343937.91
2022-05-01,95.90,100.00,94.40,99.30,295463.92,295463.92
2022-05-02,99.30,101.90,98.30,100.70,330388.68,330388.68
2022-05-03,100.70,101.40,97.40,99.40,307980.67,307980.67
2022-05-04,99.30,107.10,99.00,106.30,475753.42,475753.42
2022-05-05,106.30,106.90,94.80,96.80,586614.19,586614.19
2022-05-06,96.80,98.40,92.90,96.70,494007.71,494007.71
2022-05-07,96.70,97.40,92.60,94.30,298037.22,298037.22
2022-05-08,94.30,95.80,91.50,93.90,441180.21,441180.21
2022-05-09,93.80,94.90,75.20,76.20,1075917.38,1075917.38
2022-05-10,76.20,85.00,73.30,80.20,1335840.74,1335840.74
2022-05-11,80.10,82.80,64.20,66.60,2156656.19,2156656.19
2022-05-12,66.70,69.90,54.40,64.50,2076325.54,2076325.54
2022-05-13,64.40,73.20,63.20,67.90,1132719.67,1132719.67
2022-05-14,67.80,70.30,64.20,68.90,556982.01,556982.01
2022-05-15,68.80,71.80,65.90,71.60,508046.55,508046.55
2022-05-16,71.50,71.60,64.90,67.30,577142.75,577142.75
2022-05-17,67.20,73.90,67.10,73.20,639716.30,639716.30
2022-05-18,73.10,74.40,65.70,66.00,701726.50,701726.50
2022-05-19,65.90,72.70,64.60,72.10,690029.82,690029.82
2022-05-20,72.10,73.50,66.70,68.60,755303.04,755303.04
2022-05-21,68.60,70.70,67.90,69.80,274675.04,274675.04
2022-05-22,69.80,72.60,69.40,71.70,290794.18,290794.18
2022-05-23,71.60,74.00,68.30,69.10,613835.77,613835.77
2022-05-24,69.00,70.80,67.00,70.20,492877.96,492877.96
2022-05-25,70.30,71.70,67.90,68.20,414049.81,414049.81
2022-05-26,68.20,68.90,60.40,63.50,730443.13,730443.13
2022-05-27,63.40,64.10,60.90,61.60,739704.08,739704.08
2022-05-28,61.60,64.00,61.30,63.00,336506.62,336506.62
2022-05-29,63.10,64.40,61.80,63.60,315852.36,315852.36
2022-05-30,63.70,69.80,63.20,69.10,612046.04,612046.04
2022-05-31,69.10,69.80,66.70,68.40,445048.54,445048.54
2022-06-01,68.40,70.60,61.70,62.70,634020.20,634020.20
2022-06-02,62.70,64.80,62.10,64.50,371742.76,371742.76
2022-06-03,64.40,64.90,61.40,62.60,281679.97,281679.97
2022-06-04,62.60,64.40,61.30,63.70,187841.05,187841.05
2022-06-05,63.80,63.90,61.70,63.20,194186.31,194186.31
2022-06-06,63.20,66.70,62.90,64.50,374528.28,374528.28
2022-06-07,64.50,65.50,60.10,63.80,493587.56,493587.56
2022-06-08,63.90,64.50,61.10,61.30,460948.58,460948.58
2022-06-09,61.40,62.40,59.20,60.30,295546.59,295546.59
2022-06-10,60.20,60.40,55.60,56.70,505271.35,505271.35
2022-06-11,56.60,57.80,51.60,52.20,588679.34,588679.34
2022-06-12,52.20,52.60,47.30,47.90,751665.41,751665.41
2022-06-13,47.90,48.30,41.00,43.50,1585014.73,1585014.73
2022-06-14,43.50,46.50,40.30,46.15,1538135.28,1538135.28
2022-06-15,46.16,50.98,41.66,50.65,2010453.14,2010453.14
2022-06-16,50.66,51.22,44.02,44.78,1636635.98,1636635.98
2022-06-17,44.80,48.43,44.41,47.60,1207287.63,1207287.63
2022-06-18,47.60,48.40,41.46,47.18,1913775.17,1913775.17
2022-06-19,47.17,56.45,44.91,54.29,2451326.02,2451326.02
2022-06-20,54.30,54.77,51.31,52.77,1979924.02,1979924.02
2022-06-21,52.76,55.71,51.86,53.52,1381554.78,1381554.78
2022-06-22,53.53,53.55,50.41,52.13,927893.85,927893.85
2022-06-23,52.15,56.77,51.90,55.74,994973.17,994973.17
2022-06-24,55.72,57.34,54.40,55.84,730614.76,730614.76
2022-06-25,55.85,59.76,54.59,58.88,618227.01,618227.01
2022-06-26,58.89,60.50,56.60,56.61,518719.08,518719.08
2022-06-27,56.60,58.62,54.82,55.86,397024.69,397024.69
2022-06-28,55.89,57.00,52.57,52.68,428561.80,428561.80
2022-06-29,52.71,54.45,51.36,53.68,451898.81,451898.81
2022-06-30,53.68,54.00,50.15,53.84,505134.99,505134.99
2022-07-01,53.84,56.28,50.04,51.19,606167.19,606167.19
2022-07-02,51.21,51.65,49.77,50.55,395349.86,395349.86
2022-07-03,50.55,52.22,49.11,50.95,319754.38,319754.38
2022-07-04,50.94,52.43,49.70,52.26,428499.13,428499.13
2022-07-05,52.24,52.48,47.95,49.70,567147.95,567147.95
2022-07-06,49.70,51.20,48.96,50.34,369984.01,369984.01
2022-07-07,50.36,52.64,49.77,52.15,478416.36,478416.36
2022-07-08,52.17,53.99,50.75,51.35,539059.05,539059.05
2022-07-09,51.35,54.80,51.33,54.09,369622.83,369622.83
2022-07-10,54.09,55.07,50.65,52.12,793607.20,793607.20
2022-07-11,52.12,52.25,48.26,48.71,458088.60,458088.60
2022-07-12,48.70,49.37,47.28,47.33,466284.50,466284.50
2022-07-13,47.32,49.73,46.41,49.56,601519.06,601519.06
2022-07-14,49.54,51.75,47.96,51.32,522186.19,522186.19
2022-07-15,51.32,52.78,50.61,51.78,544118.25,544118.25
2022-07-16,51.76,55.56,51.07,55.08,437141.03,437141.03
2022-07-17,55.07,57.02,54.33,55.76,488379.93,488379.93
2022-07-18,55.76,59.56,55.23,58.60,704809.59,704809.59
2022-07-19,58.59,59.63,55.83,57.90,648764.41,648764.41
2022-07-20,57.90,61.73,56.40,57.20,823588.20,823588.20
2022-07-21,57.20,58.65,55.15,58.02,495146.27,495146.27
2022-07-22,58.03,59.18,55.50,56.09,504430.42,504430.42
2022-07-23,56.09,57.24,54.50,56.32,359887.48,359887.48
2022-07-24,56.32,59.78,56.32,58.39,353168.58,353168.58
2022-07-25,58.39,59.02,53.89,54.00,480171.67,480171.67
2022-07-26,54.00,54.15,51.96,53.88,420584.37,420584.37
2022-07-27,53.89,59.07,53.01,59.01,536658.83,536658.83
2022-07-28,59.00,64.29,58.02,63.41,793684.14,793684.14
2022-07-29,63.40,64.58,59.76,60.65,598391.17,598391.17
2022-07-30,60.65,64.07,59.91,60.42,571176.57,571176.57
2022-07-31,60.43,63.02,59.61,59.74,362956.30,362956.30
2022-08-01,59.74,60.75,58.25,59.44,413407.16,413407.16
2022-08-02,59.46,59.85,56.63,58.05,499501.83,499501.83
2022-08-03,58.06,60.13,56.70,57.77,497789.61,497789.61
2022-08-04,57.76,60.80,57.60,59.65,438458.42,438458.42
2022-08-05,59.64,62.57,59.61,62.47,487945.26,487945.26
2022-08-06,62.47,62.58,60.50,60.83,221909.18,221909.18
2022-08-07,60.82,62.00,59.86,61.10,242432.34,242432.34
2022-08-08,61.11,64.09,60.80,62.61,403958.24,403958.24
2022-08-09,62.59,62.86,58.20,59.16,467966.92,467966.92
2022-08-10,59.15,62.35,57.42,61.59,683606.93,683606.93
2022-08-11,61.58,63.48,61.48,61.84,451609.23,451609.23
2022-08-12,61.84,63.08,60.66,62.88,361467.84,361467.84
2022-08-13,62.88,65.66,62.63,63.80,502527.31,502527.31
2022-08-14,63.81,65.84,62.37,63.14,453041.88,453041.88
2022-08-15,63.13,65.32,59.64,60.67,521249.36,521249.36
2022-08-16,60.66,61.77,59.99,61.33,367330.08,367330.08
2022-08-17,61.32,64.74,59.67,60.52,718429.13,718429.13
2022-08-18,60.52,61.73,59.33,60.02,422084.30,422084.30
2022-08-19,60.03,60.19,53.26,53.99,807381.05,807381.05
2022-08-20,54.01,55.62,52.64,54.10,651478.68,651478.68
2022-08-21,54.11,56.00,53.80,55.67,377261.08,377261.08
2022-08-22,55.66,57.45,52.26,57.22,877776.63,877776.63
2022-08-23,57.23,57.75,53.88,57.08,562176.70,562176.70
2022-08-24,57.10,57.69,55.56,56.46,437641.06,437641.06
2022-08-25,56.47,57.53,55.82,56.63,379154.50,379154.50
2022-08-26,56.62,58.31,52.08,52.68,663761.06,663761.06
2022-08-27,52.69,53.48,51.63,53.01,342396.44,342396.44
2022-08-28,53.01,56.00,52.47,53.41,571920.84,571920.84
2022-08-29,53.42,56.70,52.52,55.80,635767.41,635767.41
2022-08-30,55.78,56.25,51.81,53.01,505556.59,505556.59
2022-08-31,53.01,55.26,53.01,53.84,441087.37,441087.37
2022-09-01,53.83,57.82,53.19,57.58,746451.63,746451.63
2022-09-02,57.59,62.50,56.49,60.99,970963.36,970963.36
2022-09-03,60.99,62.23,59.53,60.15,604642.95,604642.95
2022-09-04,60.15,60.99,58.61,60.90,416674.08,416674.08
2022-09-05,60.90,61.63,59.25,60.39,550152.84,550152.84
2022-09-06,60.39,62.74,54.00,54.11,893919.42,893919.42
2022-09-07,54.09,58.29,52.86,57.31,791215.20,791215.20
2022-09-08,57.31,58.60,56.06,57.96,526585.08,526585.08
2022-09-09,57.97,61.94,57.70,61.13,640028.18,640028.18
2022-09-10,61.14,64.69,60.54,63.28,643910.36,643910.36
2022-09-11,63.28,64.47,61.33,62.16,491835.14,491835.14
2022-09-12,62.16,63.23,60.08,61.38,492838.60,492838.60
2022-09-13,61.39,67.48,58.33,59.10,1440002.98,1440002.98
2022-09-14,59.09,61.18,58.13,60.18,753407.48,753407.48
2022-09-15,60.16,60.83,55.83,56.34,696696.52,696696.52
2022-09-16,56.35,56.97,54.61,55.95,469333.52,469333.52
2022-09-17,55.93,58.44,55.81,57.83,314150.50,314150.50
2022-09-18,57.84,57.85,52.22,52.63,524264.70,524264.70
2022-09-19,52.64,53.74,50.01,52.91,1189979.55,1189979.55
2022-09-20,52.89,53.85,50.86,52.30,740261.77,740261.77
2022-09-21,52.32,55.52,50.23,51.09,948476.56,948476.56
2022-09-22,51.09,54.09,50.62,53.57,615045.10,615045.10
2022-09-23,53.58,55.34,51.40,55.22,628774.84,628774.84
2022-09-24,55.23,55.96,53.18,53.43,477670.64,477670.64
2022-09-25,53.43,54.41,52.22,52.53,388583.25,388583.25
2022-09-26,52.53,53.73,51.87,53.44,462703.23,462703.23
2022-09-27,53.44,55.66,51.80,52.65,594149.31,594149.31
2022-09-28,52.65,53.83,51.00,53.29,486979.89,486979.89
2022-09-29,53.29,54.16,52.24,53.96,415487.40,415487.40
2022-09-30,53.97,55.10,52.86,53.48,417555.87,417555.87
2022-10-01,53.49,53.83,52.44,52.92,227981.29,227981.29
2022-10-02,52.91,53.46,51.67,51.82,245935.52,245935.52
2022-10-03,51.82,54.34,51.50,54.17,377561.93,377561.93
2022-10-04,54.16,55.73,53.88,55.28,379502.09,379502.09
2022-10-05,55.28,55.30,53.30,54.63,340455.98,340455.98
2022-10-06,54.62,55.05,53.34,53.53,389720.24,389720.24
2022-10-07,53.53,53.85,52.27,52.83,353877.82,353877.82
2022-10-08,52.84,53.55,52.38,52.79,244809.68,244809.68
2022-10-09,52.79,53.99,52.69,53.90,197759.86,197759.86
2022-10-10,53.89,54.46,52.50,52.63,393032.72,393032.72
2022-10-11,52.64,52.64,51.27,52.03,325528.77,325528.77
2022-10-12,52.02,52.98,51.60,52.23,355312.41,355312.41
2022-10-13,52.22,52.50,48.32,51.10,598879.56,598879.56
2022-10-14,51.09,52.57,50.90,51.31,320840.53,320840.53
2022-10-15,51.30,51.67,50.26,50.39,230281.32,230281.32
2022-10-16,50.39,51.81,50.26,51.43,231209.55,231209.55
2022-10-17,51.43,52.16,51.05,51.82,219445.14,219445.14
2022-10-18,51.85,52.20,50.75,51.86,267297.77,267297.77
2022-10-19,51.86,52.02,50.76,50.94,232758.43,232758.43
2022-10-20,50.94,52.10,50.56,51.22,271491.39,271491.39
2022-10-21,51.22,51.81,49.54,51.63,305760.95,305760.95
2022-10-22,51.64,52.48,51.37,52.18,187151.43,187151.43
2022-10-23,52.18,54.05,51.82,54.03,251178.62,251178.62
2022-10-24,54.04,54.20,52.11,52.54,349594.94,349594.94
2022-10-25,52.54,56.80,52.28,55.92,560410.00,560410.00
2022-10-26,55.92,57.62,55.66,56.39,516629.57,516629.57
2022-10-27,56.38,56.69,54.50,54.75,429463.43,429463.43
2022-10-28,54.75,55.56,53.50,54.92,434316.14,434316.14
2022-10-29,54.92,57.61,54.64,56.60,551803.76,551803.76
2022-10-30,56.59,57.50,54.72,55.35,375670.76,375670.76
2022-10-31,55.36,56.42,54.00,55.01,474531.79,474531.79
2022-11-01,55.02,55.93,54.50,55.10,350582.94,350582.94
2022-11-02,55.10,62.94,54.70,60.95,2104437.29,2104437.29
2022-11-03,60.95,64.74,60.10,61.84,1374836.41,1374836.41
2022-11-04,61.84,70.47,61.66,67.58,1439948.15,1439948.15
2022-11-05,67.59,71.92,67.11,69.23,1110640.60,1110640.60
2022-11-06,69.26,71.08,67.53,68.26,805404.06,805404.06
2022-11-07,68.26,73.36,66.21,67.42,1392881.04,1392881.04
2022-11-08,67.42,68.88,54.04,57.82,2190119.40,2190119.40
2022-11-09,57.79,59.79,47.60,50.68,2103687.62,2103687.62
2022-11-10,50.69,61.33,49.57,60.56,2070234.58,2070234.58
2022-11-11,60.56,64.42,58.51,61.49,1920110.08,1920110.08
2022-11-12,61.47,61.75,58.14,59.94,768579.23,768579.23
2022-11-13,59.96,60.35,56.23,57.37,585950.81,585950.81
2022-11-14,57.37,59.31,53.24,56.70,1455419.17,1455419.17
2022-11-15,56.70,59.54,56.48,58.01,785891.46,785891.46
2022-11-16,58.00,60.19,56.72,57.49,708710.34,708710.34
2022-11-17,57.49,63.34,57.01,62.59,1125276.94,1125276.94
2022-11-18,62.59,64.00,61.58,62.62,820500.73,820500.73
2022-11-19,62.63,64.61,61.33,63.98,585835.65,585835.65
2022-11-20,63.98,64.86,60.37,62.12,738121.31,738121.31
2022-11-21,62.12,63.91,59.25,61.31,1219683.80,1219683.80
2022-11-22,61.34,71.32,61.07,70.66,2212093.04,2212093.04
2022-11-23,70.65,83.66,69.61,79.02,3062621.77,3062621.77
2022-11-24,79.01,79.52,75.11,78.66,1698054.06,1698054.06
2022-11-25,78.68,79.90,73.13,74.10,1546973.41,1546973.41
2022-11-26,74.10,79.65,73.89,76.47,1274051.02,1274051.02
2022-11-27,76.48,79.32,74.15,74.92,994997.59,994997.59
2022-11-28,74.92,75.34,70.53,73.97,1474228.83,1474228.83
2022-11-29,73.96,77.98,73.40,75.80,1214848.56,1214848.56
2022-11-30,75.81,80.88,75.42,79.16,1108600.29,1108600.29
2022-12-01,79.15,80.66,76.27,77.57,968244.36,968244.36
2022-12-02,77.57,78.09,75.34,77.94,582041.35,582041.35
2022-12-03,77.93,78.13,75.44,76.47,432581.63,432581.63
2022-12-04,76.44,77.51,75.79,77.07,390998.29,390998.29
2022-12-05,77.07,85.00,76.82,80.19,1698312.84,1698312.84
2022-12-06,80.19,81.77,77.67,79.88,802781.09,802781.09
2022-12-07,79.90,80.40,75.50,76.89,864677.81,864677.81
2022-12-08,76.90,78.75,74.50,78.27,911785.77,911785.77
2022-12-09,78.26,78.85,75.84,76.31,621921.17,621921.17
2022-12-10,76.31,77.46,75.64,76.36,301184.28,301184.28
2022-12-11,76.36,78.42,76.28,76.50,348230.25,348230.25
2022-12-12,76.51,76.71,73.49,76.23,656093.65,656093.65
2022-12-13,76.22,79.84,73.96,77.39,1018153.94,1018153.94
2022-12-14,77.40,79.11,74.20,75.30,911912.13,911912.13
2022-12-15,75.29,75.47,71.70,72.42,598856.97,598856.97
2022-12-16,72.43,73.56,65.00,66.25,1160661.94,1160661.94
2022-12-17,66.24,67.70,62.51,64.89,1344619.11,1344619.11
2022-12-18,64.89,65.96,63.03,64.37,639108.58,639108.58
2022-12-19,64.39,65.02,61.04,63.37,866072.92,866072.92
2022-12-20,63.36,66.35,63.08,65.55,850764.02,850764.02
2022-12-21,65.56,66.84,64.61,65.40,573283.43,573283.43
2022-12-22,65.40,66.70,64.24,66.21,505782.81,505782.81
2022-12-23,66.21,66.72,64.91,65.75,387146.61,387146.61
2022-12-24,65.75,66.05,65.06,65.76,218820.38,218820.38
2022-12-25,65.77,69.72,65.30,69.15,563485.62,563485.62
2022-12-26,69.15,71.83,68.58,70.78,724746.00,724746.00
2022-12-27,70.77,71.14,67.77,68.67,688534.20,688534.20
2022-12-28,68.68,69.48,65.69,66.32,693169.69,693169.69
2022-12-29,66.32,67.30,65.57,66.66,498307.66,498307.66
2022-12-30,66.66,68.72,66.04,67.94,476504.76,476504.76
2022-12-31,67.94,71.12,67.62,70.14,563994.50,563994.50
2023-01-01,70.14,71.55,68.91,70.91,497824.42,497824.42
2023-01-02,70.92,77.96,70.00,74.74,1056995.28,1056995.28
2023-01-03,74.75,76.52,73.62,75.57,725798.10,725798.10
2023-01-04,75.57,77.99,74.32,75.46,773197.79,773197.79
2023-01-05,75.46,76.27,73.53,74.25,562086.17,562086.17
2023-01-06,74.25,76.58,72.42,75.91,797819.97,797819.97
2023-01-07,75.91,76.87,75.47,76.40,388687.64,388687.64
2023-01-08,76.40,78.98,75.08,78.68,626879.18,626879.18
2023-01-09,78.67,83.61,78.09,81.62,1179300.92,1179300.92
2023-01-10,81.61,82.85,79.43,80.83,847925.34,847925.34
2023-01-11,80.82,85.00,79.88,84.08,968676.07,968676.07
2023-01-12,84.08,87.70,81.00,86.09,1427276.10,1427276.10
2023-01-13,86.09,87.99,83.59,86.23,891288.56,891288.56
2023-01-14,86.24,91.23,85.92,87.84,1747194.88,1747194.88
2023-01-15,87.84,88.68,85.21,87.37,586627.27,586627.27
2023-01-16,87.37,89.16,83.91,85.91,750074.11,750074.11
2023-01-17,85.94,89.39,84.52,87.02,740669.45,740669.45
2023-01-18,87.04,88.40,82.11,82.62,935842.00,935842.00
2023-01-19,82.62,84.57,81.67,84.21,484324.34,484324.34
2023-01-20,84.21,91.42,83.00,90.28,757424.45,757424.45
2023-01-21,90.28,92.10,87.57,87.91,720621.00,720621.00
2023-01-22,87.91,90.05,86.07,87.58,501770.04,501770.04
2023-01-23,87.58,93.20,87.51,89.90,691207.97,691207.97
2023-01-24,89.91,91.45,86.00,87.19,499687.34,499687.34
2023-01-25,87.19,91.93,85.53,89.38,529309.15,529309.15
2023-01-26,89.38,89.96,86.82,87.52,475990.33,475990.33
2023-01-27,87.51,89.23,85.81,88.89,418850.13,418850.13
2023-01-28,88.89,89.96,86.96,89.67,392046.68,392046.68
2023-01-29,89.66,97.77,89.65,94.84,1268331.01,1268331.01
2023-01-30,94.86,96.06,88.30,91.37,987138.23,987138.23
2023-01-31,91.36,96.28,91.31,94.09,1045907.00,1045907.00
2023-02-01,94.09,102.53,93.73,100.33,1324424.13,1324424.13
2023-02-02,100.32,102.34,97.92,98.64,730534.06,730534.06
2023-02-03,98.64,100.76,97.48,99.86,568938.09,568938.09
2023-02-04,99.86,101.36,98.23,98.51,357081.56,357081.56
2023-02-05,98.51,98.89,94.86,96.63,417682.28,417682.28
2023-02-06,96.65,97.96,94.81,95.93,371415.94,371415.94
2023-02-07,95.92,101.58,95.89,100.86,672704.47,672704.47
2023-02-08,100.85,102.41,96.86,99.22,559839.76,559839.76
2023-02-09,99.20,99.49,89.78,92.05,930317.56,930317.56
2023-02-10,92.06,94.17,90.99,93.34,641293.69,641293.69
2023-02-11,93.32,94.83,92.63,94.28,359543.18,359543.18
2023-02-12,94.29,94.57,90.88,92.51,306598.20,306598.20
2023-02-13,92.50,95.00,88.16,91.05,740201.60,740201.60
2023-02-14,91.05,95.96,90.32,95.82,622092.63,622092.63
2023-02-15,95.82,103.28,95.04,102.82,764436.26,764436.26
2023-02-16,102.83,105.71,98.48,98.55,687509.19,687509.19
2023-02-17,98.56,101.70,98.19,100.12,569585.28,569585.28
2023-02-18,100.12,101.94,98.93,99.71,434788.20,434788.20
2023-02-19,99.71,101.50,96.72,97.43,433963.16,433963.16
2023-02-20,97.43,98.72,94.39,95.90,935281.52,935281.52
2023-02-21,95.90,96.81,91.42,93.80,739676.01,739676.01
2023-02-22,93.81,95.56,91.57,95.28,693131.99,693131.99
2023-02-23,95.26,96.28,93.31,94.59,474230.85,474230.85
2023-02-24,94.60,95.28,90.00,91.55,501375.88,501375.88
2023-02-25,91.56,93.51,90.34,93.15,426347.65,426347.65
2023-02-26,93.14,95.54,92.77,95.27,343656.08,343656.08
2023-02-27,95.26,96.09,92.40,94.07,390505.03,390505.03
2023-02-28,94.07,96.02,93.02,93.80,380334.63,380334.63
2023-03-01,93.79,98.37,93.56,97.78,578624.04,578624.04
2023-03-02,97.77,98.33,93.89,95.39,531837.15,531837.15
2023-03-03,95.39,95.52,85.30,90.56,932908.77,932908.77
2023-03-04,90.56,90.85,87.40,89.34,347999.15,347999.15
2023-03-05,89.34,91.78,89.18,89.93,358378.99,358378.99
2023-03-06,89.93,90.63,86.40,87.36,628899.91,628899.91
2023-03-07,87.35,88.95,84.00,86.29,642884.79,642884.79
2023-03-08,86.30,86.71,81.30,82.76,625642.83,625642.83
2023-03-09,82.75,84.96,75.00,76.68,1098081.74,1098081.74
2023-03-10,76.69,76.85,67.97,71.37,1958666.31,1958666.31
2023-03-11,71.39,73.83,65.00,69.21,1897147.77,1897147.77
2023-03-12,69.21,76.42,67.39,76.26,1393380.05,1393380.05
2023-03-13,76.25,83.19,74.00,81.46,1843523.52,1843523.52
2023-03-14,81.45,88.24,79.17,83.94,1368971.07,1368971.07
2023-03-15,83.92,85.44,75.00,76.43,1324587.20,1324587.20
2023-03-16,76.43,79.87,75.58,78.86,792504.71,792504.71
2023-03-17,78.85,85.57,78.16,85.51,935169.32,935169.32
2023-03-18,85.51,87.92,81.88,83.02,990444.09,990444.09
2023-03-19,83.01,86.39,82.11,83.98,612655.58,612655.58
2023-03-20,83.99,84.30,77.72,78.05,943193.31,943193.31
2023-03-21,78.04,83.48,76.71,82.48,906639.73,906639.73
2023-03-22,82.48,88.31,79.00,87.27,1760098.98,1760098.98
2023-03-23,87.25,94.54,85.58,93.61,1868065.23,1868065.23
2023-03-24,93.61,95.98,89.07,93.58,1325987.09,1325987.09
2023-03-25,93.58,94.31,90.01,91.50,684739.49,684739.49
2023-03-26,91.49,94.81,90.54,93.32,588285.45,588285.45
2023-03-27,93.32,94.10,87.66,89.23,764069.76,764069.76
2023-03-28,89.24,89.59,85.56,89.13,881860.67,881860.67
2023-03-29,89.13,93.00,88.93,91.31,708985.06,708985.06
2023-03-30,91.31,93.34,86.66,89.06,751300.11,751300.11
2023-03-31,89.06,90.27,87.23,89.57,489786.45,489786.45
2023-04-01,89.56,94.32,89.34,92.57,687331.25,687331.25
2023-04-02,92.57,94.58,90.36,92.77,641228.63,641228.63
2023-04-03,92.77,95.90,89.51,92.97,909253.99,909253.99
2023-04-04,92.97,94.12,91.57,92.58,505371.32,505371.32
2023-04-05,92.57,95.05,91.11,92.64,690226.20,690226.20
2023-04-06,92.63,92.65,89.82,90.97,385392.36,385392.36
2023-04-07,90.97,91.48,89.03,90.60,301548.41,301548.41
2023-04-08,90.60,91.44,89.24,89.91,199093.07,199093.07
2023-04-09,89.91,91.03,89.13,90.58,253822.75,253822.75
2023-04-10,90.56,94.47,89.84,93.78,522079.99,522079.99
2023-04-11,93.78,97.00,93.15,94.22,759225.86,759225.86
2023-04-12,94.22,94.66,90.87,92.06,713535.20,713535.20
2023-04-13,92.07,94.54,91.66,94.17,607464.04,607464.04
2023-04-14,94.18,99.27,93.66,96.33,1044641.04,1044641.04
2023-04-15,96.31,97.32,94.71,96.68,343222.29,343222.29
2023-04-16,96.69,102.18,95.10,100.01,902441.24,902441.24
2023-04-17,100.00,100.30,97.32,98.84,692952.16,692952.16
2023-04-18,98.88,103.44,97.60,101.95,817576.05,817576.05
2023-04-19,101.93,101.93,87.00,90.47,1258566.96,1258566.96
2023-04-20,90.46,92.40,87.08,90.22,923591.76,923591.76
2023-04-21,90.22,90.89,84.20,85.32,811762.12,811762.12
2023-04-22,85.32,87.15,84.75,87.00,413059.80,413059.80
2023-04-23,87.00,87.09,84.11,86.75,395182.07,395182.07
2023-04-24,86.74,89.03,85.86,88.31,651422.32,651422.32
2023-04-25,88.32,91.77,87.18,91.03,767570.94,767570.94
2023-04-26,91.03,93.96,84.21,88.13,985517.50,985517.50
2023-04-27,88.14,90.64,87.26,89.73,669510.16,669510.16
2023-04-28,89.73,90.36,87.66,89.63,464509.68,464509.68
2023-04-29,89.62,91.64,89.23,91.08,351205.82,351205.82
2023-04-30,91.08,91.43,87.76,88.22,396494.58,396494.58
2023-05-01,88.24,88.86,85.13,86.75,537906.62,537906.62
2023-05-02,86.76,89.18,86.00,88.20,425254.87,425254.87
2023-05-03,88.20,89.86,85.40,88.88,561552.26,561552.26
2023-05-04,88.88,89.15,87.39,88.38,317092.93,317092.93
2023-05-05,88.39,89.69,86.16,88.61,462767.03,462767.03
2023-05-06,88.62,89.36,80.56,83.26,808799.89,808799.89
2023-05-07,83.27,84.69,82.93,83.42,405461.48,405461.48
2023-05-08,83.41,85.25,75.20,77.71,1093958.20,1093958.20
2023-05-09,77.72,80.10,77.31,79.90,652411.76,652411.76
2023-05-10,79.91,82.04,77.12,80.93,862747.00,862747.00
2023-05-11,80.93,81.97,78.37,80.88,787875.50,787875.50
2023-05-12,80.89,81.48,77.07,80.45,770849.13,770849.13
2023-05-13,80.45,81.09,79.78,80.26,378311.77,378311.77
2023-05-14,80.26,84.02,79.55,83.50,475081.38,475081.38
2023-05-15,83.49,88.50,82.14,86.89,1110552.09,1110552.09
2023-05-16,86.91,90.55,86.13,89.99,1212427.88,1212427.88
2023-05-17,89.99,95.00,89.59,93.88,1631954.24,1631954.24
2023-05-18,93.88,94.21,89.15,90.43,778910.55,778910.55
2023-05-19,90.44,93.31,90.26,91.80,674615.43,674615.43
2023-05-20,91.78,92.78,90.21,92.42,331961.72,331961.72
2023-05-21,92.41,93.49,91.14,92.18,434485.44,434485.44
2023-05-22,92.17,92.79,89.81,90.83,462506.23,462506.23
2023-05-23,90.83,93.11,90.38,91.70,437608.28,437608.28
2023-05-24,91.70,91.89,84.33,85.82,1241381.96,1241381.96
2023-05-25,85.83,86.79,82.54,86.57,836219.14,836219.14
2023-05-26,86.57,88.20,86.05,87.08,684744.48,684744.48
2023-05-27,87.08,88.81,86.91,88.55,335522.42,335522.42
2023-05-28,88.56,92.35,88.14,91.45,582851.73,582851.73
2023-05-29,91.46,92.18,90.12,90.86,484868.11,484868.11
2023-05-30,90.86,93.30,90.51,92.25,553236.45,553236.45
2023-05-31,92.25,92.72,87.50,90.42,730322.07,730322.07
2023-06-01,90.42,95.98,89.17,94.19,1356811.01,1356811.01
2023-06-02,94.17,95.70,92.58,95.45,714015.96,714015.96
2023-06-03,95.45,97.56,94.15,96.03,596590.88,596590.88
2023-06-04,96.03,96.50,93.80,94.19,492464.07,492464.07
2023-06-05,94.19,94.58,83.56,87.71,1320394.36,1320394.36
2023-06-06,87.70,91.47,85.64,90.92,836859.77,836859.77
2023-06-07,90.93,91.31,87.34,88.85,691677.15,691677.15
2023-06-08,88.83,89.53,87.19,88.50,405790.61,405790.61
2023-06-09,88.49,89.98,86.66,89.30,437545.53,437545.53
2023-06-10,89.30,89.34,73.56,77.13,1931078.31,1931078.31
2023-06-11,77.14,78.98,76.15,77.68,601244.43,601244.43
2023-06-12,77.68,77.91,75.07,77.50,624473.43,624473.43
2023-06-13,77.50,79.79,76.26,77.50,560306.83,560306.83
2023-06-14,77.50,78.14,70.75,73.15,678793.19,678793.19
2023-06-15,73.15,75.14,72.08,74.60,512970.92,512970.92
2023-06-16,74.61,76.91,74.12,76.13,419230.74,419230.74
2023-06-17,76.13,77.87,75.73,76.86,301798.54,301798.54
2023-06-18,76.87,78.47,76.22,77.19,294006.39,294006.39
2023-06-19,77.20,77.83,76.05,77.48,316595.53,316595.53
2023-06-20,77.48,80.95,75.68,80.33,550346.97,550346.97
2023-06-21,80.34,87.40,80.00,85.05,1229357.89,1229357.89
2023-06-22,85.04,88.85,84.00,85.93,796900.68,796900.68
2023-06-23,85.94,93.12,85.02,91.26,1034513.88,1034513.88
2023-06-24,91.28,93.80,86.35,89.71,834154.05,834154.05
2023-06-25,89.72,90.46,86.60,88.20,566508.55,566508.55
2023-06-26,88.20,90.35,85.74,87.21,656513.04,656513.04
2023-06-27,87.22,89.44,86.90,88.07,470344.95,470344.95
2023-06-28,88.06,88.10,81.36,83.02,639774.73,639774.73
2023-06-29,83.01,85.75,82.91,84.73,484623.81,484623.81
2023-06-30,84.73,112.00,84.28,108.70,5474715.29,5474715.29
2023-07-01,108.70,113.00,102.86,107.10,2614144.40,2614144.40
2023-07-02,107.10,114.00,105.09,113.58,2299237.77,2299237.77
2023-07-03,113.57,115.00,105.55,107.27,1444586.95,1444586.95
2023-07-04,107.27,109.59,103.50,104.27,935566.37,935566.37
2023-07-05,104.27,106.63,98.60,102.60,1410427.82,1410427.82
2023-07-06,102.60,105.95,95.14,95.25,1703635.89,1703635.89
2023-07-07,95.25,98.61,94.21,98.23,866824.10,866824.10
2023-07-08,98.22,98.49,96.55,97.79,431026.03,431026.03
2023-07-09,97.78,98.41,94.41,95.08,468670.42,468670.42
2023-07-10,95.08,97.81,91.62,96.72,1108435.58,1108435.58
2023-07-11,96.73,98.35,95.51,96.77,775748.28,775748.28
2023-07-12,96.76,97.85,94.12,96.21,681194.17,681194.17
2023-07-13,96.21,104.41,95.61,101.85,1780959.22,1780959.22
2023-07-14,101.85,103.63,91.96,95.13,1470606.51,1470606.51
2023-07-15,95.12,95.79,93.74,94.78,474351.65,474351.65
2023-07-16,94.77,95.36,91.84,92.89,493219.17,493219.17
2023-07-17,92.89,93.58,89.15,92.20,825195.02,825195.02
2023-07-18,92.19,92.95,89.37,91.56,547028.22,547028.22
2023-07-19,91.55,94.23,91.39,91.99,610568.71,610568.71
2023-07-20,92.00,95.02,91.39,92.37,763855.20,763855.20
2023-07-21,92.37,94.79,91.68,94.09,562398.10,562398.10
2023-07-22,94.10,96.46,91.20,92.09,523224.18,523224.18
2023-07-23,92.09,93.62,91.52,93.16,459296.75,459296.75
2023-07-24,93.15,93.43,87.27,89.14,744271.42,744271.42
2023-07-25,89.14,90.19,88.55,89.45,437773.57,437773.57
2023-07-26,89.45,91.17,88.50,90.64,523849.50,523849.50
2023-07-27,90.63,91.99,89.66,90.60,492615.12,492615.12
2023-07-28,90.59,92.00,90.53,91.44,400613.12,400613.12
2023-07-29,91.44,94.90,90.84,94.32,483778.28,483778.28
2023-07-30,94.33,96.18,90.82,94.03,1123107.14,1123107.14
2023-07-31,94.03,95.06,91.07,92.28,751748.35,751748.35
2023-08-01,92.28,94.12,88.10,93.94,1191154.38,1191154.38
2023-08-02,93.95,94.68,85.70,87.54,1519927.12,1519927.12
2023-08-03,87.53,88.38,80.50,82.55,1131674.19,1131674.19
2023-08-04,82.55,83.92,80.74,82.20,956964.97,956964.97
2023-08-05,82.20,83.42,81.35,83.12,353881.79,353881.79
2023-08-06,83.11,83.49,81.68,82.57,376251.97,376251.97
2023-08-07,82.57,83.44,79.29,82.49,531623.83,531623.83
2023-08-08,82.48,85.47,81.75,83.86,735916.53,735916.53
2023-08-09,83.85,84.61,83.13,84.08,381592.40,381592.40
2023-08-10,84.08,84.39,82.66,83.14,337566.35,337566.35
2023-08-11,83.13,83.72,82.68,83.58,186712.31,186712.31
2023-08-12,83.58,84.00,83.27,83.47,178561.01,178561.01
2023-08-13,83.48,83.81,81.01,81.92,331226.64,331226.64
2023-08-14,81.92,83.13,81.50,82.11,330529.72,330529.72
2023-08-15,82.11,82.25,77.00,79.26,600119.04,600119.04
2023-08-16,79.27,79.61,72.75,74.56,1050727.64,1050727.64
2023-08-17,74.57,75.84,56.00,64.77,1709946.72,1709946.72
2023-08-18,64.77,65.97,63.04,63.98,1283276.08,1283276.08
2023-08-19,63.98,65.01,63.51,64.18,511070.91,511070.91
2023-08-20,64.17,65.89,63.98,65.25,328241.95,328241.95
2023-08-21,65.25,67.31,64.34,67.00,795770.10,795770.10
2023-08-22,67.00,67.38,62.02,64.83,726834.41,726834.41
2023-08-23,64.83,66.86,64.06,65.64,548642.36,548642.36
2023-08-24,65.63,65.90,63.90,64.88,352946.42,352946.42
2023-08-25,64.88,65.47,63.50,65.13,400427.67,400427.67
2023-08-26,65.13,65.59,64.90,65.01,205559.92,205559.92
2023-08-27,65.00,65.95,64.83,65.39,232033.93,232033.93
2023-08-28,65.39,65.76,63.97,65.52,401983.01,401983.01
2023-08-29,65.51,70.69,64.60,68.86,953145.16,953145.16
2023-08-30,68.85,69.03,66.50,67.65,422458.34,422458.34
2023-08-31,67.65,68.36,63.13,63.89,688058.06,688058.06
2023-09-01,63.88,64.25,61.83,62.98,569049.85,569049.85
2023-09-02,62.98,64.75,62.95,64.59,295503.14,295503.14
2023-09-03,64.58,64.91,63.57,63.93,257480.23,257480.23
2023-09-04,63.93,65.01,63.00,63.75,389301.43,389301.43
2023-09-05,63.75,63.79,62.58,63.15,475655.47,475655.47
2023-09-06,63.15,63.91,61.36,62.87,463879.23,463879.23
2023-09-07,62.88,64.49,62.48,63.71,372442.95,372442.95
2023-09-08,63.71,64.24,61.51,62.61,370397.71,370397.71
2023-09-09,62.60,63.30,62.52,63.06,153119.40,153119.40
2023-09-10,63.06,63.06,60.02,61.11,486962.35,486962.35
2023-09-11,61.12,61.66,57.68,58.85,792927.55,792927.55
2023-09-12,58.85,61.53,58.65,59.96,617319.81,617319.81
2023-09-13,59.96,62.85,59.63,61.98,511853.42,511853.42
2023-09-14,61.98,63.44,61.95,62.83,638084.85,638084.85
2023-09-15,62.83,66.27,62.55,65.89,540624.76,540624.76
2023-09-16,65.89,67.05,64.41,65.38,391265.33,391265.33
2023-09-17,65.38,65.42,62.75,63.55,497205.28,497205.28
2023-09-18,63.57,67.90,62.90,65.89,790412.34,790412.34
2023-09-19,65.87,68.41,65.59,67.28,527023.36,527023.36
2023-09-20,67.28,67.87,63.24,64.55,931126.91,931126.91
2023-09-21,64.55,65.01,62.92,64.69,449081.78,449081.78
2023-09-22,64.69,65.88,63.89,64.37,442545.40,442545.40
2023-09-23,64.37,65.26,64.37,65.07,387901.57,387901.57
2023-09-24,65.06,65.10,63.25,63.58,207773.25,207773.25
2023-09-25,63.58,65.06,62.56,64.33,258415.69,258415.69
2023-09-26,64.34,65.08,63.02,63.80,371056.26,371056.26
2023-09-27,63.80,65.56,63.04,63.53,351266.03,351266.03
2023-09-28,63.53,65.54,63.14,65.21,446339.74,446339.74
2023-09-29,65.22,66.50,64.91,65.55,350400.96,350400.96
2023-09-30,65.55,66.60,65.34,65.97,179434.20,179434.20
2023-10-01,65.98,68.85,65.83,68.19,430058.03,430058.03
2023-10-02,68.19,68.42,65.11,65.97,558987.87,558987.87
2023-10-03,65.98,66.93,65.26,65.50,264841.86,264841.86
2023-10-04,65.50,65.52,63.01,64.40,389378.98,389378.98
2023-10-05,64.39,65.28,63.72,64.80,371850.64,371850.64
2023-10-06,64.81,65.98,64.37,65.50,258989.35,258989.35
2023-10-07,65.50,66.27,64.95,65.45,177304.90,177304.90
2023-10-08,65.45,65.98,64.97,65.34,316323.18,316323.18
2023-10-09,65.34,65.36,61.51,63.07,448896.39,448896.39
2023-10-10,63.07,63.82,62.57,63.61,234743.16,234743.16
2023-10-11,63.60,63.75,61.08,61.55,287049.19,287049.19
2023-10-12,61.55,61.55,60.33,61.12,285371.23,285371.23
2023-10-13,61.12,62.15,61.06,61.58,358112.20,358112.20
2023-10-14,61.58,61.97,61.39,61.62,121555.64,121555.64
2023-10-15,61.62,62.18,61.38,61.63,140207.93,140207.93
2023-10-16,61.63,66.33,61.57,63.19,679996.39,679996.39
2023-10-17,63.20,63.33,61.37,62.07,285933.96,285933.96
2023-10-18,62.06,62.85,60.04,60.23,320321.65,320321.65
2023-10-19,60.23,61.92,59.70,61.78,277475.09,277475.09
2023-10-20,61.77,64.27,61.57,63.38,437547.96,437547.96
2023-10-21,63.37,65.39,63.35,64.75,336999.66,336999.66
2023-10-22,64.75,66.32,63.12,65.26,569753.65,569753.65
2023-10-23,65.26,69.90,64.86,69.02,788986.44,788986.44
2023-10-24,69.02,72.89,67.07,69.15,927287.45,927287.45
2023-10-25,69.14,70.42,67.69,68.71,555761.14,555761.14
2023-10-26,68.70,70.63,66.13,68.76,594733.36,594733.36
2023-10-27,68.75,68.81,65.58,66.99,430964.80,430964.80
2023-10-28,66.99,68.44,66.93,67.73,393365.01,393365.01
2023-10-29,67.73,69.31,67.00,68.79,254650.08,254650.08
2023-10-30,68.79,69.79,67.62,69.21,391259.07,391259.07
2023-10-31,69.21,70.53,67.60,68.89,616209.44,616209.44
2023-11-01,68.89,70.46,66.51,69.97,758567.53,758567.53
2023-11-02,69.97,70.77,67.40,69.43,658461.35,658461.35
2023-11-03,69.42,69.58,67.50,69.45,366590.45,366590.45
2023-11-04,69.45,70.81,68.69,70.41,286371.78,286371.78
2023-11-05,70.41,72.32,69.90,71.60,604752.66,604752.66
2023-11-06,71.60,74.95,70.79,74.46,517587.68,517587.68
2023-11-07,74.46,74.57,71.06,73.41,587908.07,587908.07
2023-11-08,73.41,74.31,72.45,73.07,454113.58,454113.58
2023-11-09,73.06,76.23,67.85,73.83,1037301.54,1037301.54
2023-11-10,73.85,75.48,70.67,73.28,659369.92,659369.92
2023-11-11,73.27,75.95,70.84,75.26,701397.30,701397.30
2023-11-12,75.26,76.79,72.12,74.88,759337.89,759337.89
2023-11-13,74.88,76.05,70.50,71.10,687416.73,687416.73
2023-11-14,71.10,72.56,68.09,70.61,612778.52,612778.52
2023-11-15,70.61,74.30,70.50,74.03,546364.96,546364.96
2023-11-16,74.02,74.35,69.78,70.97,516234.01,516234.01
2023-11-17,70.96,71.66,68.00,70.29,701059.33,701059.33
2023-11-18,70.28,70.33,67.50,69.86,319967.12,319967.12
2023-11-19,69.85,70.67,68.50,70.54,267656.40,267656.40
2023-11-20,70.56,71.02,68.62,69.51,363216.74,363216.74
2023-11-21,69.52,71.87,65.12,66.15,766319.59,766319.59
2023-11-22,66.15,69.15,65.96,68.70,411855.15,411855.15
2023-11-23,68.70,70.76,68.38,69.51,487505.59,487505.59
2023-11-24,69.51,71.77,69.43,70.73,431373.90,431373.90
2023-11-25,70.72,72.50,70.48,71.87,300567.56,300567.56
2023-11-26,71.87,71.87,68.91,70.03,373752.06,373752.06
2023-11-27,70.03,70.50,67.91,69.22,322130.63,322130.63
2023-11-28,69.22,70.27,67.81,69.77,633474.87,633474.87
2023-11-29,69.76,70.46,69.15,70.00,304678.50,304678.50
2023-11-30,69.99,70.15,69.11,69.42,212371.48,212371.48
2023-12-01,69.44,72.23,69.20,71.57,478440.25,478440.25
2023-12-02,71.57,72.72,71.16,72.20,286408.09,286408.09
2023-12-03,72.20,72.75,71.30,72.31,285246.30,285246.30
2023-12-04,72.31,75.07,71.89,72.93,1008230.99,1008230.99
2023-12-05,72.92,74.37,71.00,74.34,543100.84,543100.84
2023-12-06,74.35,74.94,72.17,72.41,640078.05,640078.05
2023-12-07,72.40,74.51,71.82,74.02,564515.73,564515.73
2023-12-08,74.02,78.88,73.32,78.50,857419.48,857419.48
2023-12-09,78.49,79.53,75.52,76.32,736505.04,736505.04
2023-12-10,76.33,79.00,76.33,77.18,559666.19,559666.19
2023-12-11,77.17,77.50,70.46,72.67,988665.18,988665.18
2023-12-12,72.66,73.72,71.03,72.37,476918.63,476918.63
2023-12-13,72.38,75.55,70.15,73.12,716835.33,716835.33
2023-12-14,73.14,74.05,71.25,72.93,673631.56,673631.56
2023-12-15,72.93,72.96,70.52,70.93,388128.52,388128.52
2023-12-16,70.92,72.52,70.43,72.19,273166.64,273166.64
2023-12-17,72.18,73.63,70.86,71.18,405335.59,405335.59
2023-12-18,71.18,71.55,68.00,70.85,516602.70,516602.70
2023-12-19,70.86,71.66,69.69,70.73,342815.36,342815.36
2023-12-20,70.72,71.89,69.38,69.83,738447.84,738447.84
2023-12-21,69.83,71.09,68.92,70.93,581051.40,581051.40
2023-12-22,70.93,73.78,70.31,73.58,539144.65,539144.65
2023-12-23,73.58,74.09,70.70,72.45,472707.30,472707.30
2023-12-24,72.44,72.95,70.00,71.12,507808.47,507808.47
2023-12-25,71.11,72.77,70.55,72.22,364732.75,364732.75
2023-12-26,72.23,74.45,71.04,73.24,851162.77,851162.77
2023-12-27,73.24,77.30,72.07,75.98,929059.45,929059.45
2023-12-28,75.98,77.64,74.51,76.51,981067.89,981067.89
2023-12-29,76.51,77.80,72.71,73.25,909063.67,909063.67
2023-12-30,73.25,74.01,72.38,73.22,460911.04,460911.04
2023-12-31,73.23,74.24,71.41,72.83,403057.36,403057.36
2024-01-01,72.83,74.78,72.06,74.72,308376.95,308376.95
2024-01-02,74.72,75.90,72.48,72.97,608280.86,608280.86
2024-01-03,72.96,73.61,57.71,65.24,1513212.30,1513212.30
2024-01-04,65.23,67.11,64.50,66.41,728924.88,728924.88
2024-01-05,66.41,66.73,63.40,66.00,659391.06,659391.06
2024-01-06,65.99,66.08,63.22,65.64,404291.40,404291.40
2024-01-07,65.65,66.38,63.68,64.27,357443.92,357443.92
2024-01-08,64.27,68.37,61.00,67.73,923906.45,923906.45
2024-01-09,67.72,67.82,64.16,66.99,812582.62,812582.62
2024-01-10,66.99,71.20,65.00,70.10,852014.20,852014.20
2024-01-11,70.10,74.62,69.54,71.88,1211539.10,1211539.10
2024-01-12,71.88,77.19,70.40,72.97,1734006.09,1734006.09
2024-01-13,72.97,73.60,70.98,71.98,629910.67,629910.67
2024-01-14,71.98,72.30,69.43,69.78,482807.61,482807.61
2024-01-15,69.80,71.62,68.79,69.13,386493.94,386493.94
2024-01-16,69.15,70.53,68.38,69.44,461916.83,461916.83
2024-01-17,69.44,70.00,68.35,69.46,382828.26,382828.26
2024-01-18,69.46,70.34,66.21,68.11,742990.26,742990.26
2024-01-19,68.11,71.57,66.97,71.29,647355.33,647355.33
2024-01-20,71.30,72.76,70.45,71.36,614429.99,614429.99
2024-01-21,71.35,72.30,70.50,71.75,311753.37,311753.37
2024-01-22,71.75,72.71,66.67,67.36,770518.90,770518.90
2024-01-23,67.36,68.43,63.19,65.50,701502.87,701502.87
2024-01-24,65.50,66.35,64.86,66.13,385420.81,385420.81
2024-01-25,66.12,66.16,64.56,65.50,275087.10,275087.10
2024-01-26,65.50,67.55,65.19,67.05,321128.16,321128.16
2024-01-27,67.05,68.33,66.34,68.06,248870.00,248870.00
2024-01-28,68.05,68.49,67.29,68.35,301025.60,301025.60
2024-01-29,68.34,68.79,66.84,68.43,435412.27,435412.27
2024-01-30,68.43,68.74,67.17,67.47,299636.98,299636.98
2024-01-31,67.48,70.07,66.14,66.76,612212.18,612212.18
2024-02-01,66.76,68.13,65.70,67.54,289235.14,289235.14
2024-02-02,67.55,68.43,67.32,68.05,209541.97,209541.97
2024-02-03,68.05,69.20,67.90,68.81,215935.27,215935.27
2024-02-04,68.82,68.90,66.46,66.94,288180.81,288180.81
2024-02-05,66.95,68.26,66.58,67.70,272431.23,272431.23
2024-02-06,67.71,68.80,67.55,68.29,317363.77,317363.77
2024-02-07,68.29,68.83,67.75,68.62,355491.45,355491.45
2024-02-08,68.63,70.66,68.36,70.53,461057.05,461057.05
2024-02-09,70.54,71.95,70.07,70.64,774603.90,774603.90
2024-02-10,70.64,71.30,69.93,70.80,369470.13,369470.13
2024-02-11,70.79,73.10,70.60,71.55,613948.45,613948.45
2024-02-12,71.55,73.46,70.32,72.82,487609.67,487609.67
2024-02-13,72.81,73.16,68.10,68.97,1069326.65,1069326.65
2024-02-14,68.97,70.76,68.41,69.81,1053386.61,1053386.61
2024-02-15,69.81,70.95,69.00,69.76,892633.76,892633.76
2024-02-16,69.76,70.99,68.61,70.59,564443.74,564443.74
2024-02-17,70.59,70.70,68.00,69.97,436214.25,436214.25
2024-02-18,69.97,71.35,69.82,70.80,393086.49,393086.49
2024-02-19,70.80,71.74,70.42,71.30,521590.67,521590.67
2024-02-20,71.29,71.48,67.41,69.65,782301.91,782301.91
2024-02-21,69.65,69.69,67.32,68.90,472252.10,472252.10
2024-02-22,68.91,69.76,67.91,68.80,516782.93,516782.93
2024-02-23,68.79,69.10,67.48,68.80,394735.97,394735.97
2024-02-24,68.79,70.67,68.62,70.41,368401.43,368401.43
2024-02-25,70.41,70.61,69.75,70.16,332747.79,332747.79
2024-02-26,70.16,72.99,69.10,71.93,754791.40,754791.40
2024-02-27,71.93,76.38,71.93,73.97,1532194.55,1532194.55
2024-02-28,73.97,77.94,70.27,74.48,1803955.74,1803955.74
2024-02-29,74.48,84.96,73.87,79.92,2443670.28,2443670.28
2024-03-01,79.93,86.18,79.93,84.87,1292518.58,1292518.58
2024-03-02,84.89,94.50,84.45,94.49,2225902.68,2225902.68
2024-03-03,94.48,94.68,83.51,90.70,1320154.00,1320154.00
2024-03-04,90.70,92.69,87.49,88.95,1600382.34,1600382.34
2024-03-05,88.94,91.86,72.00,81.93,2974147.72,2974147.72
2024-03-06,81.93,82.37,79.76,81.96,312003.55,312003.55
